 연번 , 구분 , 호선 , 화장실명(역명) , 소재지도로명주소 , 소재지지번주소 , 남녀공용화장실여부 , 남성용-대변기수 , 남성용-소변기수 , 남성용-장애인용대변기수 , 남성용-장애인용소변기수 , 남성용-어린이용대변기수 , 남성용-어린이용소변기수 , 여성용-대변기수 , 여성용-장애인용대변기수 , 여성용-어린이용대변기수 , 관리기관명 , 전화번호 , 개방시간 , 화장실 상세위치 ,화장실 상세위치(게이트 내외부), 위도 , 경도 , 화장실소유구분 , 화장실설치장소유형 , 오물처리방식 , 비상벨 설치유무 , 화장실입구cctv설치유무 , 기저귀교환대설치유무-남자화장실 , 기저귀교환대설치유무-남자장애인화장실 , 기저귀교환대설치유무-여자화장실 , 기저귀교환대설치유무-여자장애인화장실 , 리모델링년월 ,데이터기준일자
1, 공중화장실 ,1,서울(1),서울특별시 중구 봉래동2가 122 서울역(1호선),서울특별시 중구 봉래동2가,N,4,5,1,,2,,9,1,2, 서울교통공사 ,02-6110-1331,05:00~24:00,지하1층 2번출구 부근,외부,37.556878,126.972578, 서울교통공사 , 역사 내 화장실 , 수세식 ,Y,Y,Y,Y,Y,Y,2015,2023-08-14
2, 공중화장실 ,1,시청(1),서울특별시 중구 정동 5-5 시청역(1호선),서울특별시 중구 정동 5-5,N,6,5,1,,2,,15,1,2, 서울교통공사 ,02-6110-1321,05:00~24:00,지하1층 5번출구 부근,외부,37.565682,126.976849, 서울교통공사 , 역사 내 화장실 , 수세식 ,Y,Y,Y,Y,Y,Y,2013,2023-08-14
3, 공중화장실 ,1, 종각 ,서울특별시 종로구 종로1가 54 종각지하철역사,서울특별시 종로구 종로1가,N,3,2,1,,1,,6,1,1, 서울교통공사 ,02-6110-1311,05:00~24:00,"지하1층 가게이트 부근 (연결통로 부근, 시청측)",외부,37.570175,126.983226, 서울교통공사 , 역사 내 화장실 , 수세식 ,Y,Y,Y,Y,Y,Y,2015,2023-08-14
4, 공중화장실 ,1, 종각 ,서울특별시 종로구 종로1가 54 종각지하철역사,서울특별시 종로구 종로1가,N,5,5,1,,,,10,1,, 서울교통공사 ,02-6110-1311,05:00~24:00,지하1층 다게이트 부근 (종로3가측),외부,37.570175,126.983226, 서울교통공사 , 역사 내 화장실 , 수세식 ,Y,Y,Y,Y,Y,Y,2008이전,2023-08-14
5, 공중화장실 ,1,종로3가(1),서울특별시 종로3가 10-5  1호선 종로3가역(1호선),서울특별시 종로3가 10-5,N,5,6,1,,1,,12,1,1, 서울교통공사 ,02-6110-1301,05:00~24:00,지하1층 가게이트 부근,외부,37.57042,126.992153, 서울교통공사 , 역사 내 화장실 , 수세식 ,Y,Y,Y,Y,Y,Y,2010,2023-08-14
6, 공중화장실 ,1,종로3가(1),서울특별시 종로3가 10-5  1호선 종로3가역(1호선),서울특별시 종로3가 10-5,N,4,5,,,,,6,,, 서울교통공사 ,02-6110-1301,05:00~24:00,지하1층 라게이트 부근 (역무실앞),내부,37.57042,126.992153, 서울교통공사 , 역사 내 화장실 , 수세식 ,Y,Y,Y,N,Y,N,2008이전,2023-08-14
7, 공중화장실 ,1,종로5가,서울특별시 종로구 종로5가 82-1 1호선 종로5가역,서울특별시 종로구 종로5가,N,4,4,1,,1,,8,1,1, 서울교통공사 ,02-6110-1291,05:00~24:00,지하1층 지하상가 연결통로앞,외부,37.571743,127.011169, 서울교통공사 , 역사 내 화장실 , 수세식 ,Y,Y,Y,Y,Y,Y,2014,2023-08-14
8, 공중화장실 ,1,동대문(1),서울특별시 종로구 창신동 492-1 1호선 동대문역(1호선),서울특별시 종로구 창신동 4,N,4,6,1,,2,,12,1,1, 서울교통공사 ,02-6110-1281,05:00~24:00,지하1층 4번출입구 부근,외부,37.576087,127.02456, 서울교통공사 , 역사 내 화장실 , 수세식 ,Y,Y,Y,Y,Y,Y,2016,2023-08-14
9, 공중화장실 ,1,동묘앞(1),서울특별시 종로구 숭인동 117 동묘앞역(1호선),서울특별시 종로구 숭인동 1,N,1,2,1,,,,1,1,, 서울교통공사 ,02-6110-1271,05:00~24:00,1층 역무실 부근,외부,37.573281,127.016649, 서울교통공사 , 역사 내 화장실 , 수세식 ,Y,Y,Y,N,Y,N,2008이전,2023-08-14
10, 공중화장실 ,1,동묘앞(1),서울특별시 종로구 숭인동 117 동묘앞역(1호선),서울특별시 종로구 숭인동 1,N,1,2,1,,,,6,1,, 서울교통공사 ,02-6110-1271,05:00~24:00,지하1층 3번출입구 부근,외부,37.573281,127.016649, 서울교통공사 , 역사 내 화장실 , 수세식 ,Y,Y,Y,N,Y,N,2008이전,2023-08-14
11, 공중화장실 ,1,동묘앞(1),서울특별시 종로구 숭인동 117 동묘앞역(1호선),서울특별시 종로구 숭인동 1,N,1,2,1,,,,1,1,, 서울교통공사 ,02-6110-1271,05:00~24:00,하선승강장 7-3지점,외부,37.573281,127.016649, 서울교통공사 , 역사 내 화장실 , 수세식 ,Y,Y,Y,N,Y,N,2008이전,2023-08-14
12, 공중화장실 ,1,동묘앞(1),서울특별시 종로구 숭인동 117 동묘앞역(1호선),서울특별시 종로구 숭인동 1,N,1,2,1,,,,3,1,, 서울교통공사 ,02-6110-1271,05:00~24:00,상선승강장 4-3지점,내부,37.573281,127.016649, 서울교통공사 , 역사 내 화장실 , 수세식 ,Y,Y,Y,N,Y,N,2008이전,2023-08-14
13, 공중화장실 ,1,신설동(1),서울특별시 동대문구 신설동 76-5 신설동역(1호선), 서울특별시 동대문구 신설동  ,N,6,4,1,,1,,11,1,2, 서울교통공사 ,02-6110-1261,05:00~24:00,대합실(지하1층) 역무실 앞,외부,37.578163,127.034687, 서울교통공사 , 역사 내 화장실 , 수세식 ,Y,Y,Y,Y,Y,Y,2014,2023-08-14
14, 공중화장실 ,1, 제기동 ,서울특별시 동대문구 제기동 65 제기동역, 서울특별시 동대문구 제기동  ,N,5,6,1,,1,,11,1,1, 서울교통공사 ,02-6110-1251,05:00~24:00,2번출구우측,외부,37.579984,127.045547, 서울교통공사 , 역사 내 화장실 , 수세식 ,Y,Y,Y,Y,Y,Y,2010,2023-08-14
15, 공중화장실 ,1, 청량리 ,서울특별시 동대문구 전농동 620-69 청량리역, 서울특별시 동대문구 전농동  ,N,2,3,,,,,2,,, 서울교통공사 ,02-6110-1241,05:00~24:00,4번출구 아래,외부,57.580037,127.044727, 서울교통공사 , 역사 내 화장실 , 수세식 ,Y,Y,Y,N,Y,N,2008이전,2023-08-14
16, 공중화장실 ,2,시청(2),서울특별시 중구 서소문동 90-1 시청역(2호선),서울특별시 중구 서소문동 9,N,5,4,1,,,,10,1,1, 서울교통공사 ,02-6110-2011,05:00~24:00,"지하1층 9,10번출구 옆",내부,37.563681,126.975598, 서울교통공사 , 역사 내 화장실 , 수세식 ,Y,Y,Y,N,Y,N,2008이전,2023-08-14
17, 공중화장실 ,2,시청(2),서울특별시 중구 서소문동 90-1 시청역(2호선),서울특별시 중구 서소문동 9,N,4,5,1,,,,9,1,1, 서울교통공사 ,02-6110-2011,05:00~24:00,지하2층 환승통로,외부,37.563681,126.975598, 서울교통공사 , 역사 내 화장실 , 수세식 ,Y,Y,N,Y,N,Y,2013,2023-08-14
18, 공중화장실 ,2, 을지로입구 ,서울특별시 중구 을지로1가 100-1 을지로입구역,서울특별시 중구 을지로1가,N,5,6,1,,,,11,1,1, 서울교통공사 ,02-6110-2021,05:00~24:00,지하1층 다게이트 옆,외부,37.566171,126.990203, 서울교통공사 , 역사 내 화장실 , 수세식 ,Y,Y,Y,N,Y,N,2009,2023-08-14
19, 공중화장실 ,2,을지로3가(2),서울특별시 중구 을지로3가 347-3 을지로3가역(2호선),서울특별시 중구 을지로3가,N,5,8,1,,1,,13,1,1, 서울교통공사 ,02-6110-2031,05:00~24:00,지하1층 다게이트 옆,외부,37.566489,126.996528, 서울교통공사 , 역사 내 화장실 , 수세식 ,Y,Y,Y,Y,Y,Y,2009,2023-08-14
20, 공중화장실 ,2,을지로4가(2),서울특별시 중구 을지로4가 267-1 을지로4가역(2호선),서울특별시 중구 을지로4가,N,6,4,1,,2,,11,1,2, 서울교통공사 ,02-6110-2041,05:00~24:00,"지하1층 1,2번 출구 옆",외부,37.565718,127.008485, 서울교통공사 , 역사 내 화장실 , 수세식 ,Y,Y,Y,Y,Y,Y,2012,2023-08-14
21, 공중화장실 ,2,동대문역사문화공원(2),서울특별시 중구 을지로 7가 112-3 동대문역사문화공원역(2호선),서울특별시 중구 을지로 7가,N,6,8,1,,1,,20,1,1, 서울교통공사 ,02-6110-2051,05:00~24:00,대합실 1층 역무실 앞,내부,37.565281,127.01664, 서울교통공사 , 역사 내 화장실 , 수세식 ,Y,Y,Y,Y,Y,Y,2010,2023-08-14
22, 공중화장실 ,2,신당(2),서울특별시 중구 신당동 99 신당역(2호선),서울특별시 중구 신당동 99,N,5,6,1,,,,13,1,1, 서울교통공사 ,02-6110-2061,05:00~24:00,"대합실 1층 22,23번기둥",외부,37.563933,127.029793, 서울교통공사 , 역사 내 화장실 , 수세식 ,Y,Y,Y,N,Y,N,2008이전,2023-08-14
23, 공중화장실 ,2, 상왕십리 ,서울특별시 성동구 하왕십리동 946-14 상왕십리역, 서울특별시 성동구 하왕십리동 ,N,5,6,1,1,2,,11,1,2, 서울교통공사 ,02-6110-2071,05:00~24:00,"대합실 1층 5,6번출구 앞",외부,37.562259,127.037228, 서울교통공사 , 역사 내 화장실 , 수세식 ,Y,Y,Y,Y,Y,Y,2008이전,2023-08-14
24, 공중화장실 ,2,왕십리(2),서울특별시 성동구 행당동 192 왕십리역(2호선),서울특별시 성동구 행당동 1,N,5,5,1,,1,,10,1,1, 서울교통공사 ,02-6110-2081,05:00~24:00,지하2층 6-1번 출구 쪽,외부,37.555259,127.043658, 서울교통공사 , 역사 내 화장실 , 수세식 ,Y,Y,Y,N,Y,N,2009,2023-08-14
25, 공중화장실 ,2, 한양대 ,서울특별시 성동구 행당동 산17 17 한양대역, 서울특별시 성동구 행당동 산 ,N,5,9,1,,1,,15,1,1, 서울교통공사 ,02-6110-2091,05:00~24:00, 고객센터 맞은편 ,외부,37.547177,127.04738, 서울교통공사 , 역사 내 화장실 , 수세식 ,Y,Y,Y,Y,Y,Y,2010,2023-08-14
26, 공중화장실 ,2, 뚝섬 ,서울특별시 성동구 성수동1가 656-745 뚝섬역,서울특별시 성동구 성수동1가,N,6,5,1,,2,,12,1,2, 서울교통공사 ,02-6110-2101,05:00~24:00, 역무실 옆 ,외부,37.544601,127.056885, 서울교통공사 , 역사 내 화장실 , 수세식 ,Y,Y,Y,Y,Y,Y,2012,2023-08-14
27, 공중화장실 ,2, 성수 ,서울특별시 성동구 성수동2가 300-1 성수역,서울특별시 성동구 성수동2가,N,5,4,1,,,,12,1,1, 서울교통공사 ,02-6110-2111,05:00~24:00,대합실 2층 2번출구측,외부,37.558689,127.053172, 서울교통공사 , 역사 내 화장실 , 수세식 ,Y,Y,Y,N,Y,N,2008이전,2023-08-14
28, 공중화장실 ,2,건대입구(2),서울특별시 광진구 화양동 7-3 2호선 건대입구역(2호선),서울특별시 광진구 화양동 7,N,7,9,1,,1,,20,1,1, 서울교통공사 ,02-6110-2121,05:00~24:00,대합실 1층 통로 중앙,내부,37.5404075,127.069202, 서울교통공사 , 역사 내 화장실 , 수세식 ,Y,Y,Y,Y,Y,Y,2009,2023-08-14
29, 공중화장실 ,2, 구의 ,서울특별시 광진구 구의동 245-24 2호선 구의역,서울특별시 광진구 구의동 2,N,3,4,1,,,,7,1,1, 서울교통공사 ,02-6110-2131,05:00~24:00,대합실 1층 통로 중앙,외부,37.5371752,127.08618, 서울교통공사 , 역사 내 화장실 , 수세식 ,Y,Y,N,Y,N,Y,2022,2023-08-14
30, 공중화장실 ,2, 강변 ,서울특별시 광진구 구의동 546-6 2호선 강변역,서울특별시 광진구 구의동 5,N,6,6,1,,1,,14,1,2, 서울교통공사 ,02-6110-2141,05:00~24:00,대합실 1층 통로 중앙,외부,37.53511804,127.09474, 서울교통공사 , 역사 내 화장실 , 수세식 ,Y,Y,Y,Y,Y,Y,2009,2023-08-14
31, 공중화장실 ,2, 잠실나루 ,서울특별시 송파구 신천동 15 잠실나루역,서울특별시 송파구 신천동 1,N,5,4,1,,2,,9,1,2, 서울교통공사 ,02-6110-2151,05:00~24:00,대합실 1층 통로 중앙,외부,37.52071241,127.1038088, 서울교통공사 , 역사 내 화장실 , 수세식 ,Y,Y,Y,Y,Y,Y,2010,2023-08-14
32, 공중화장실 ,2,잠실(2),서울특별시 송파구 잠실동 8 잠실역(2호선),서울특별시 송파구 잠실동 8,N,7,8,1,,1,,17,1,1, 서울교통공사 ,02-6110-2161,05:00~24:00,"대합실 1층 1,2번출구 앞",외부,37.513311,127.100231, 서울교통공사 , 역사 내 화장실 , 수세식 ,Y,Y,Y,N,Y,N,2009,2023-08-14
33, 공중화장실 ,2, 잠실새내 ,서울특별시 송파구 잠실동 33 잠실새내역,서울특별시 송파구 잠실동 3,N,5,5,1,,2,,11,1,2, 서울교통공사 ,02-6110-2171,05:00~24:00,대합실 1층 2번출구 앞,외부,37.511626,127.086314, 서울교통공사 , 역사 내 화장실 , 수세식 ,Y,Y,Y,Y,Y,Y,2010,2023-08-14
34, 공중화장실 ,2, 종합운동장 ,서울특별시 송파구 잠실동 122 종합운동장역,서울특별시 송파구 잠실동 1,N,5,5,1,,2,,10,1,2, 서울교통공사 ,02-6110-2181,05:00~24:00,"대합실 1층 1,2번출구 앞 (잠실새내측)",외부,37.51114466,127.073849, 서울교통공사 , 역사 내 화장실 , 수세식 ,Y,Y,Y,Y,Y,Y,2010,2023-08-14
35, 공중화장실 ,2, 종합운동장 ,서울특별시 송파구 잠실동 122 종합운동장역,서울특별시 송파구 잠실동 1,N,4,7,,,,,5,,, 서울교통공사 ,02-6110-2181,05:00~24:00,대합실 1층 5번출구 앞 (삼성측),외부,37.51114466,127.073849, 서울교통공사 , 역사 내 화장실 , 수세식 ,Y,Y,Y,N,Y,N,2008이전,2023-08-14
36, 공중화장실 ,2, 삼성 ,서울특별시 강남구 삼성동 172-66 삼성역,서울특별시 강남구 삼성동 1,N,5,9,1,,,,14,1,, 서울교통공사 ,02-6110-2191,05:00~24:00,대합실 1층 통로 중앙,외부,37.518622,127.1049, 서울교통공사 , 역사 내 화장실 , 수세식 ,Y,Y,N,Y,Y,Y,2009,2023-08-14
37, 공중화장실 ,2, 선릉 ,서울특별시 강남구 삼성동 172-66 선릉역,서울특별시 강남구 삼성동 1,N,6,4,1,,2,,11,1,2, 서울교통공사 ,02-6110-2201,05:00~24:00,대합실 1층 1번출구 앞,외부,37.517661,127.074659, 서울교통공사 , 역사 내 화장실 , 수세식 ,Y,Y,Y,Y,Y,Y,2013,2023-08-14
38, 공중화장실 ,2, 역삼 ,서울특별시 강남구 역삼동 804 역삼역,서울특별시 강남구 역삼동 8,N,4,5,1,,,,10,1,, 서울교통공사 ,02-6110-2211,05:00~24:00,대합실 2층 통로 중앙,외부,57.50067442,127.0364694, 서울교통공사 , 역사 내 화장실 , 수세식 ,Y,Y,N,Y,N,Y,2022,2023-08-14
39, 공중화장실 ,2, 강남 ,서울특별시 강남구 역삼동 858 강남역,서울특별시 강남구 역삼동 8,N,5,4,1,,,,9,1,, 서울교통공사 ,02-6110-2221,05:00~24:00,"대합실 1층 역무실쪽(1,12번출구쪽),게이트내",내부,37.49808634,127.0280014, 서울교통공사 , 역사 내 화장실 , 수세식 ,Y,Y,N,Y,Y,Y,2009,2023-08-14
40, 공중화장실 ,2,교대(2),서울특별시 서초구 서초동 1748-4 교대역(2호선),서울특별시 서초구 서초동 1,N,5,5,1,,1,,10,1,1, 서울교통공사 ,02-6110-2231,05:00~24:00,"대합실 1층 1,2,3,4,번출구 쪽",외부,37.4939,127.0143838, 서울교통공사 , 역사 내 화장실 , 수세식 ,Y,Y,Y,Y,Y,Y,2017,2023-08-14
41, 공중화장실 ,2, 서초 ,서울특별시 서초구 서초동 1748-5 서초역,서울특별시 서초구 서초동 1,N,4,5,1,,1,,9,1,2, 서울교통공사 ,02-6110-2241,05:00~24:00,"대합실1층 (1,2,7,8번 출구쪽),게이트외",외부,37.49184993,127.0076621, 서울교통공사 , 역사 내 화장실 , 수세식 ,Y,Y,Y,Y,Y,Y,2010,2023-08-14
42, 공중화장실 ,2, 방배 ,서울특별시 서초구 방배동 912-14 방배역,서울특별시 서초구 방배동 9,N,5,4,1,,,,9,1,, 서울교통공사 ,02-6110-2251,05:00~24:00,"서초방면 대합실 끝(1,4번 출구방향),게이트외",외부,37.508826,127.063067, 서울교통공사 , 역사 내 화장실 , 수세식 ,Y,Y,Y,N,Y,N,2009,2023-08-14
43, 공중화장실 ,2,사당(2),서울특별시 동작구 사당동 1129 사당역(2호선),서울특별시 동작구 사당동 1,N,3,4,,,,,6,,, 서울교통공사 ,02-6110-2261,05:00~24:00,"지하1층 대합실 1,2번 출구 쪽(방배측)",외부,37.47656223,126.9815586, 서울교통공사 , 역사 내 화장실 , 수세식 ,Y,Y,Y,N,Y,N,2008이전,2023-08-14
44, 공중화장실 ,2,사당(2),서울특별시 동작구 사당동 1129 사당역(2호선),서울특별시 동작구 사당동 1,N,6,7,1,,2,,14,1,1, 서울교통공사 ,02-6110-2261,05:00~24:00,"지하1층 대합실 7,8번 출구 쪽(낙성대측)",외부,37.47656223,126.9815586, 서울교통공사 , 역사 내 화장실 , 수세식 ,Y,Y,Y,Y,Y,Y,2013,2023-08-14
45, 공중화장실 ,2, 낙성대 ,서울특별시 관악구 봉천동 1693-39 2호선 낙성대역사,서울특별시 관악구 봉천동 1,N,6,5,1,,1,,11,1,2, 서울교통공사 ,02-6110-2271,05:00~24:00,"대합실 1층 고객안내부스앞(3,4,5,6번출구쪽)",외부,37.47709324,126.9635239, 서울교통공사 , 역사 내 화장실 , 수세식 ,Y,Y,Y,Y,Y,Y,2010,2023-08-14
46, 공중화장실 ,2, 서울대입구 ,서울특별시 관악구 봉천동 979-2 서울대입구역사,서울특별시 관악구 봉천동 9,N,4,4,1,,2,,8,1,2, 서울교통공사 ,02-6110-2281,05:00~24:00,"대합실 1층 (7,8번출구쪽)",외부,37.492765,127.010541, 서울교통공사 , 역사 내 화장실 , 수세식 ,Y,Y,Y,Y,Y,Y,2018,2023-08-14
47, 공중화장실 ,2, 봉천 ,서울툭별시 관악구 봉천동 979-7 2호선 봉천역사,서울툭별시 관악구 봉천동 9,N,3,4,1,,1,,6,1,1, 서울교통공사 ,02-6110-2291,05:00~24:00,"대합실1층, 안내부스맞은편(1,6번출구쪽)게이트외",외부,37.481297,126.99732, 서울교통공사 , 역사 내 화장실 , 수세식 ,Y,Y,Y,Y,Y,Y,2010,2023-08-14
48, 공중화장실 ,2, 신림 ,서울특별시 관악구 신림동 1467-10 2호선 신림역사,서울특별시 관악구 신림동 1,N,6,7,1,,1,,13,1,2, 서울교통공사 ,02-6110-2301,05:00~24:00,"대합실 1층 역무실 맞은편(3,4번출구쪽),게이트내",내부,37.48426714,126.9297454, 서울교통공사 , 역사 내 화장실 , 수세식 ,Y,Y,Y,Y,Y,Y,2010,2023-08-14
49, 공중화장실 ,2, 신대방 ,서울특별시 동작구 신대방동 643-1 신대방역 2호선, 서울특별시 동작구 신대방동  ,N,5,4,1,,2,,13,1,2, 서울교통공사 ,02-6110-2311,05:00~24:00,"대합실 1층 역무실쪽(1,2번출구쪽), 게이트내",내부,37.48765046,126.9135075, 서울교통공사 , 역사 내 화장실 , 수세식 ,Y,Y,Y,Y,Y,Y,2011,2023-08-14
50, 공중화장실 ,2, 구로디지털단지 ,서울특별시 구로구 구로동 810-3 구로디지털단지역,서울특별시 구로구 구로동 8,N,4,6,1,,1,1,10,1,, 서울교통공사 ,02-6110-2321,05:00~24:00,"지상2층, 역무실 앞 (게이트내)",내부,37.477028,126.963396, 서울교통공사 , 역사 내 화장실 , 수세식 ,Y,Y,N,Y,N,Y,2019,2023-08-14
51, 공중화장실 ,2,대림(2),서울특별시 구로구 구로동 1204 대림역(2호선),서울특별시 구로구 구로동 1,N,7,8,1,,,,15,1,, 서울교통공사 ,02-6110-2331,05:00~24:00,"지상2층, 대합실 중앙(게이트내)",내부,37.481113,126.952634, 서울교통공사 , 역사 내 화장실 , 수세식 ,Y,Y,Y,Y,Y,Y,2019,2023-08-14
52, 공중화장실 ,2, 신도림 ,서울특별시 구로구 신도림동 460-26 2호선 신도림역, 서울특별시 구로구 신도림동  ,N,5,8,1,,2,1,14,1,2, 서울교통공사 ,02-6110-2341,05:00~24:00,"지하1층 대합실 (게이트내, 1번출구방향)",내부,37.482518,126.941481, 서울교통공사 , 역사 내 화장실 , 수세식 ,Y,Y,Y,Y,Y,Y,2011,2023-08-14
53, 공중화장실 ,2, 신도림 ,서울특별시 구로구 신도림동 460-26 2호선 신도림역, 서울특별시 구로구 신도림동  ,N,8,5,1,,2,1,13,1,2, 서울교통공사 ,02-6110-2341,05:00~24:00,"지하1층 대합실(게이트외,1번출구방향)",외부,37.484178,126.929789, 서울교통공사 , 역사 내 화장실 , 수세식 ,Y,Y,Y,Y,Y,Y,2011,2023-08-14
54, 공중화장실 ,2, 문래 ,서울특별시 영등포구 문래동3가 68-1문래역,서울특별시 영등포구 문래동3,N,5,7,1,,,,14,1,, 서울교통공사 ,02-6110-2351,05:00~24:00,"지하1층 대합실(게이트외, 2,3번출구방향)",외부,37.48751,126.912991, 서울교통공사 , 역사 내 화장실 , 수세식 ,Y,Y,Y,Y,Y,Y,2011,2023-08-14
55, 공중화장실 ,2,영등포구청(2),서울특별시 영등포구 당산동3가 270-1 영등포구청역(2호선),서울특별시 영등포구 당산동3,N,6,6,1,,2,,14,1,1, 서울교통공사 ,02-6110-2361,05:00~24:00,"지하1층 대합실(게이트내, 환승통로입구)",내부,37.485127,126.901529, 서울교통공사 , 역사 내 화장실 , 수세식 ,Y,Y,N,Y,Y,Y,2009,2023-08-14
56, 공중화장실 ,2, 당산 ,서울특별시 영등포구 당산동 6가 323-1 당산역, 서울특별시 영등포구 당산동  ,N,5,4,1,,,,10,1,2, 서울교통공사 ,02-6110-2371,05:00~24:00,"지상2층, 대합실 중앙(게이트내)",내부,37.53478432,126.9026118, 서울교통공사 , 역사 내 화장실 , 수세식 ,Y,Y,Y,N,Y,Y,2009,2023-08-14
57, 공중화장실 ,2,합정(2),서울특별시 마포구 서교동 393 합정역(2호선),서울특별시 마포구 서교동 3,N,4,6,1,,,,16,1,1, 서울교통공사 ,02-6110-2381,05:00~24:00,"지하1층대합실, 1,2번출구",내부,37.54991316,126.9144541, 서울교통공사 , 역사 내 화장실 , 수세식 ,Y,Y,Y,N,Y,N,2008이전,2023-08-14
58, 공중화장실 ,2, 홍대입구 ,서울특별시 마포구 동교동 165 홍대입구역,서울특별시 마포구 동교동 1,N,7,8,1,,1,,21,1,1, 서울교통공사 ,02-6110-2391,05:00~24:00,"지하1층대합실, 2번출구 옆",외부,37.514401,126.882685, 서울교통공사 , 역사 내 화장실 , 수세식 ,Y,Y,Y,N,Y,N,2011,2023-08-14
59, 공중화장실 ,2, 신촌 ,서울특별시 마포구 노고산동 31-11 신촌역, 서울특별시 마포구 노고산동  ,N,5,7,1,,,,12,1,, 서울교통공사 ,02-6110-2401,05:00~24:00,"지하1층대합실, 5번출구 옆",외부,37.512518,126.865711, 서울교통공사 , 역사 내 화장실 , 수세식 ,Y,Y,Y,N,Y,N,2008이전,2023-08-14
60, 공중화장실 ,2, 이대 ,서울특별시 마포구 염리동 8-85 이대역,서울특별시 마포구 염리동 8,N,6,7,1,,2,,13,1,2, 서울교통공사 ,02-6110-2411,05:00~24:00,지하1층 대합실 5번출구 옆,외부,37.518294,126.853619, 서울교통공사 , 역사 내 화장실 , 수세식 ,Y,Y,Y,Y,Y,Y,2017,2023-08-14
61, 공중화장실 ,2, 아현 ,서울특별시 마포구 아현동 354-23 아현역,서울특별시 마포구 아현동 3,N,3,3,1,,,,6,1,, 서울교통공사 ,02-6110-2421,05:00~24:00,지하1층 대합실 이대역방면 끝단,외부,37.517887,126.894751, 서울교통공사 , 역사 내 화장실 , 수세식 ,Y,Y,N,Y,Y,Y,2009,2023-08-14
62, 공중화장실 ,2,충정로(2),서울특별시 서대문구 충정로3가 319-1 충정로역(2호선),서울특별시 서대문구 충정로3,N,4,4,1,,,,8,1,, 서울교통공사 ,02-6110-2431,05:00~24:00,지하2층 아현방면 끝단,외부,37.525656,126.896614, 서울교통공사 , 역사 내 화장실 , 수세식 ,Y,Y,Y,Y,Y,Y,2018,2023-08-14
63, 공중화장실 ,2,신설동(2),서울특별시 동대문구 신설동 76-5 신설동역(2호선), 서울특별시 동대문구 신설동  ,N,2,3,,,,,3,,, 서울교통공사 ,02-6110-1371,05:00~24:00,대합실(지하1층) 역무실 옆,내부,37.534931,126.90273, 서울교통공사 , 역사 내 화장실 , 수세식 ,Y,Y,Y,N,Y,N,2008이전,2023-08-14
64, 공중화장실 ,2, 용두 ,서울특별시 동대문구 용두동 47-1 용두역, 서울특별시 동대문구 용두동  ,N,2,3,1,,,,4,1,, 서울교통공사 ,02-6110-1361,05:00~24:00,(내선대합실)5번출구 입구,외부,37.57406213,127.0382757, 서울교통공사 , 역사 내 화장실 , 수세식 ,Y,Y,Y,N,Y,N,2008이전,2023-08-14
65, 공중화장실 ,2, 용두 ,서울특별시 동대문구 용두동 47-1 용두역, 서울특별시 동대문구 용두동  ,N,3,3,1,,,,6,1,, 서울교통공사 ,02-6110-1361,05:00~24:00,"(외선대합실)1,2번 출구 입구",외부,37.57406213,127.0382757, 서울교통공사 , 역사 내 화장실 , 수세식 ,Y,Y,Y,N,Y,N,2008이전,2023-08-14
66, 공중화장실 ,2, 용두 ,서울특별시 동대문구 용두동 47-1 용두역, 서울특별시 동대문구 용두동  ,N,1,2,,,,,3,,, 서울교통공사 ,02-6110-1361,05:00~24:00,(내선승강장)3-3 승강장 앞,내부,37.57406213,127.0382757, 서울교통공사 , 역사 내 화장실 , 수세식 ,Y,Y,Y,N,Y,N,2008이전,2023-08-14
67, 공중화장실 ,2, 용두 ,서울특별시 동대문구 용두동 47-1 용두역, 서울특별시 동대문구 용두동  ,N,1,2,,,,,3,,, 서울교통공사 ,02-6110-1361,05:00~24:00,(외선승강장)2-2 승강장 앞,내부,37.57406213,127.0382757, 서울교통공사 , 역사 내 화장실 , 수세식 ,Y,Y,Y,N,Y,N,2008이전,2023-08-14
68, 공중화장실 ,2, 신답 ,서울특별시 성동구 용답동 129-2 신답역,서울특별시 성동구 용답동 1,N,1,2,1,,,,3,1,, 서울교통공사 ,02-6110-1351,05:00~24:00,1층 대합실,내부,37.55589,126.955661, 서울교통공사 , 역사 내 화장실 , 수세식 ,Y,Y,N,Y,N,Y,2020,2023-08-14
69, 공중화장실 ,2, 용답 ,서울특별시 성동구 용답동 127 용답역,서울특별시 성동구 용답동 1,N,2,3,,,,,4,,, 서울교통공사 ,02-6110-1341,05:00~24:00, 대합실 ,외부,37.559493,126.963818, 서울교통공사 , 역사 내 화장실 , 수세식 ,Y,Y,N,N,Y,N,2008이전,2023-08-14
70, 공중화장실 ,2, 도림천 ,서울특별시 구로구 신도림동 323-16 도림천역, 서울특별시 구로구 신도림동  ,N,3,5,1,,,,3,1,, 서울교통공사 ,02-6110-2441,05:00~24:00,"지상1층, 역무실 옆(게이트외)",외부,37.637537,126.918588, 서울교통공사 , 역사 내 화장실 , 수세식 ,Y,Y,Y,N,Y,N,2008이전,2023-08-14
71, 공중화장실 ,2, 양천구청 ,서울특별시 양천구 신정동 276-7 양천구청역,서울특별시 양천구 신정동 2,N,5,4,1,,,,10,1,, 서울교통공사 ,02-6110-2451,05:00~24:00,"지하1층, 대합실(게이트내, 신청자량사업소출구 옆)",내부,37.618888,126.920832, 서울교통공사 , 역사 내 화장실 , 수세식 ,Y,Y,Y,Y,Y,Y,2014,2023-08-14
72, 공중화장실 ,2, 신정네거리 ,서울특별시 양천구 신정동 1231 신정네거리역,서울특별시 양천구 신정동 1,N,4,5,1,,,,9,1,, 서울교통공사 ,02-6110-2461,05:00~24:00,"지하1층 대합실(게이트외, 2번, 3번 출구방향)",외부,37.610483,126.929288, 서울교통공사 , 역사 내 화장실 , 수세식 ,Y,Y,Y,Y,Y,Y,2010,2023-08-14
73, 공중화장실 ,3, 구파발 ,서울특별시 은평구 진관동 67-26 3호선 구파발역,서울특별시 은평구 진관동 6,N,4,3,1,,,,7,1,, 서울교통공사 ,02-6110-3201,05:00~24:00,지하1층 대합실 가 게이트 외부,외부,37.600702,126.936005, 서울교통공사 , 역사 내 화장실 , 수세식 ,Y,Y,Y,Y,Y,Y,2010,2023-08-14
74, 공중화장실 ,3,연신내(3),서울특별시 은평구 갈현동 397 연신내역(3호선),서울특별시 은평구 갈현동 3,N,3,4,1,,1,,7,1,2, 서울교통공사 ,02-6110-3211,05:00~24:00,지하 1층 대합실 라 게이트 내부,내부,37.588672,126.944227, 서울교통공사 , 역사 내 화장실 , 수세식 ,Y,Y,Y,Y,Y,Y,2018,2023-08-14
75, 공중화장실 ,3,불광(3),서울특별시 은평구 대조동 14-1 불광역(3호선),서울특별시 은평구 대조동 1,N,3,5,1,,1,,9,1,2, 서울교통공사 ,02-6110-3221,05:00~24:00,지하1층 대합실 나 게이트 외부,외부,37.582361,126.950438, 서울교통공사 , 역사 내 화장실 , 수세식 ,Y,Y,Y,Y,Y,Y,2015,2023-08-14
76, 공중화장실 ,3, 녹번 ,서울특별시 은평구 녹번동 55 지하철3호선 녹번역,서울특별시 은평구 녹번동 5,N,5,5,1,,1,,10,1,1, 서울교통공사 ,02-6110-3231,05:00~24:00,지하1층 대합실 게이트 외부,외부,37.574301,126.955918, 서울교통공사 , 역사 내 화장실 , 수세식 ,Y,Y,Y,N,Y,N,2017,2023-08-14
77, 공중화장실 ,3, 홍제 ,서울특별시 서대문구 홍제동 161-1 홍제역, 서울특별시 서대문구 홍제동  ,N,4,5,1,,,,10,1,1, 서울교통공사 ,02-6110-3241,05:00~24:00,지하2층 대합실 다게이트 앞,외부,37.57582,126.973058, 서울교통공사 , 역사 내 화장실 , 수세식 ,Y,Y,Y,N,Y,N,2008이전,2023-08-14
78, 공중화장실 ,3, 홍제 ,서울특별시 서대문구 홍제동 161-1 홍제역, 서울특별시 서대문구 홍제동  ,N,3,3,,,,,6,,, 서울교통공사 ,02-6110-3241,05:00~24:00,지하1층 대합실 상가(다이소) 옆,외부,37.57582,126.973058, 서울교통공사 , 역사 내 화장실 , 수세식 ,Y,Y,N,N,N,N,2008이전,2023-08-14
79, 공중화장실 ,3, 무악재 ,서울특별시 서대문구 홍제동 26-1 무악재역, 서울특별시 서대문구 홍제동  ,N,2,3,1,,,,5,1,1, 서울교통공사 ,02-6110-3251,05:00~24:00,지하2층 대합실 가게이트 내부,내부,37.576696,126.985804, 서울교통공사 , 역사 내 화장실 , 수세식 ,Y,Y,N,Y,Y,N,2021,2023-08-14
80, 공중화장실 ,3, 독립문 ,서울특별시 서대문구 현저동 101 독립문역, 서울특별시 서대문구 현저동  ,N,3,4,1,1,,,7,1,, 서울교통공사 ,02-6110-3261,05:00~24:00,지하1층 대합실 나게이트 내부,내부,37.57446628,126.9579137, 서울교통공사 , 역사 내 화장실 , 수세식 ,Y,Y,Y,Y,Y,Y,2012,2023-08-14
81, 공중화장실 ,3, 경복궁 ,서울특별시 종로구 적선동 81-1 3호선 경복궁역,서울특별시 종로구 적선동 8,N,5,5,1,,2,,11,1,2, 서울교통공사 ,02-6110-3271,05:00~24:00,지하2층 대합실 가게이트 내부,내부,37.571196,126.991959, 서울교통공사 , 역사 내 화장실 , 수세식 ,Y,Y,Y,Y,Y,Y,2016,2023-08-14
82, 공중화장실 ,3, 안국 ,서울특별시 종로구 안국동 155-2 3호선 안국역,서울특별시 종로구 안국동 1,N,4,4,1,,1,,8,1,2, 서울교통공사 ,02-6110-3281,05:00~24:00,지하3층 대합실 A계단 방면,외부,37.566412,126.994185, 서울교통공사 , 역사 내 화장실 , 수세식 ,Y,Y,Y,Y,Y,Y,2012,2023-08-14
83, 공중화장실 ,3,종로3가(3),서울특별시 종로구 묘동 59 종로3가역(3호선),서울특별시 종로구 묘동 59,N,5,5,1,1,1,,15,1,2, 서울교통공사 ,02-6110-3291,05:00~24:00,지하3층,내부,37.57156329,126.9918758, 서울교통공사 , 역사 내 화장실 , 수세식 ,Y,Y,Y,Y,Y,Y,2010,2023-08-14
84, 공중화장실 ,3,종로3가(3),서울특별시 종로구 묘동 59 종로3가역(3호선),서울특별시 종로구 묘동 59,N,2,1,1,,,,2,1,, 서울교통공사 ,02-6110-3291,05:00~24:00,지하2층,내부,37.57156329,126.9918758, 서울교통공사 , 역사 내 화장실 , 수세식 ,Y,Y,N,N,N,N,2008이전,2023-08-14
85, 공중화장실 ,3,을지로3가(3),서울특별시 중구 을지로3가 282-8 을지로3가역(3호선),서울특별시 중구 을지로3가,N,2,4,1,,,,6,1,, 서울교통공사 ,02-6110-3301,05:00~24:00,가 대합실 역무실 아래 지하 2층,내부,37.548038,127.015883, 서울교통공사 , 역사 내 화장실 , 수세식 ,Y,Y,N,Y,N,Y,2019,2023-08-14
86, 공중화장실 ,3, 동대입구 ,서울특별시 중구 장충동2가 199-3 동대입구역 3호선,서울특별시 중구 장충동2가,N,4,4,1,1,1,,8,1,1, 서울교통공사 ,02-6110-3321,05:00~24:00,지하2층 가게이트 내 대합실,내부,37.55905582,127.005316, 서울교통공사 , 역사 내 화장실 , 수세식 ,Y,Y,Y,Y,Y,Y,2010,2023-08-14
87, 공중화장실 ,3,약수(3),서울특별시 중구 신당동 369-44 약수역(3호선),서울특별시 중구 신당동 36,N,6,5,1,1,1,,9,1,, 서울교통공사 ,02-6110-3331,05:00~24:00,(지하1층 게이트 내 대합실),내부,37.569744,127.046945, 서울교통공사 , 역사 내 화장실 , 수세식 ,Y,Y,N,Y,Y,N,2012,2023-08-14
88, 공중화장실 ,3, 금호 ,서울특별시 성동구 금호동4가 1470 금호역,서울특별시 성동구 금호동4가,N,6,7,1,1,1,,5,1,1, 서울교통공사 ,02-6110-3341,05:00~24:00,지하1층 가 게이트 내 대합실,내부,37.54826092,127.0158292, 서울교통공사 , 역사 내 화장실 , 수세식 ,Y,Y,N,Y,Y,Y,2009,2023-08-14
89, 공중화장실 ,3, 옥수 ,서울특별시 성동구 옥수동 168-1 옥수역,서울특별시 성동구 옥수동 1,N,3,5,1,,,,8,1,, 서울교통공사 ,02-6110-3351,05:00~24:00,3층 환승통로측,내부,37.54156628,127.0173938, 서울교통공사 , 역사 내 화장실 , 수세식 ,Y,Y,Y,Y,Y,Y,2017,2023-08-14
90, 공중화장실 ,3, 옥수 ,서울특별시 성동구 옥수동 168-1 옥수역,서울특별시 성동구 옥수동 1,N,2,5,,,,,2,,, 서울교통공사 ,02-6110-3351,05:00~24:00,3층 금호역측,내부,37.54156628,127.0173938, 서울교통공사 , 역사 내 화장실 , 수세식 ,Y,Y,Y,N,Y,N,2008이전,2023-08-14
91, 공중화장실 ,3, 압구정 ,서울특별시 강남구 신사동 668 압구정역,서울특별시 강남구 신사동 6,N,3,6,1,,1,,9,1,1, 서울교통공사 ,02-6110-3361,05:00~24:00,지하 1층,외부,37.513082,127.011857, 서울교통공사 , 역사 내 화장실 , 수세식 ,Y,Y,N,Y,Y,N,2009,2023-08-14
92, 공중화장실 ,3, 신사 ,서울특별시 강남구 신사동 667 신사역,서울특별시 강남구 신사동 6,N,3,5,1,,1,,8,1,1, 서울교통공사 ,02-6110-3371,05:00~24:00,지하 1층,내부,37.494847,127.017286, 서울교통공사 , 역사 내 화장실 , 수세식 ,Y,Y,Y,N,Y,Y,2009,2023-08-14
93, 공중화장실 ,3, 잠원 ,서울특별시 서초구 잠원동 100-1 잠원역,서울특별시 서초구 잠원동 1,N,3,4,1,,1,,7,1,2, 서울교통공사 ,02-6110-3381,05:00~24:00,지하1층 게이트 내 대합실,내부,37.486661,127.015218, 서울교통공사 , 역사 내 화장실 , 수세식 ,Y,Y,Y,Y,Y,Y,2017,2023-08-14
94, 공중화장실 ,3,교대(3),서울특별시 서초구 서초동 1748-4 교대역(3호선),서울특별시 서초구 서초동 1,N,3,5,1,,2,1,13,1,3, 서울교통공사 ,02-6110-3401,05:00~24:00,"대합실1층 역무실 맞은편,게이트외",외부,37.484761,127.033371, 서울교통공사 , 역사 내 화장실 , 수세식 ,Y,Y,Y,Y,Y,Y,2009,2023-08-14
95, 공중화장실 ,3, 남부터미널 ,서울특별시 서초구 서초동 1748-30 남부터미널역,서울특별시 서초구 서초동 1,N,3,5,1,,1,1,8,1,, 서울교통공사 ,02-6110-3411,05:00~24:00,대합실 B2층 역무실 앞,내부,37.486941,127.046621, 서울교통공사 , 역사 내 화장실 , 수세식 ,Y,Y,Y,N,Y,N,2009,2023-08-14
96, 공중화장실 ,3, 양재 ,서울특별시 서초구 서초동 1366-9 양재역,서울특별시 서초구 서초동 1,N,2,4,1,,,,6,1,, 서울교통공사 ,02-6110-3421,05:00~24:00,"대합실 B1층 상선 방향(9-4), 게이트 내",내부,37.490825,127.055306, 서울교통공사 , 역사 내 화장실 , 수세식 ,Y,Y,N,Y,N,Y,2019,2023-08-14
97, 공중화장실 ,3, 매봉 ,서울특별시 강남구 도곡동 179-2 매봉역,서울특별시 강남구 도곡동 1,N,4,5,1,,1,,9,1,1, 서울교통공사 ,02-6110-3431,05:00~24:00,대합실 B1층 게이트옆,외부,37.494543,127.063426, 서울교통공사 , 역사 내 화장실 , 수세식 ,Y,Y,N,Y,N,Y,2019,2023-08-14
98, 공중화장실 ,3, 도곡 ,서울특별시 강남구 도곡동 339-2 도곡역,서울특별시 강남구 도곡동 3,N,4,5,1,,1,,9,1,1, 서울교통공사 ,02-6110-3441,05:00~24:00,대합실  B2층  게이트 밖,외부,37.496679,127.071705, 서울교통공사 , 역사 내 화장실 , 수세식 ,Y,Y,N,Y,Y,Y,2019,2023-08-14
99, 공중화장실 ,3, 대치 ,서울특별시 강남구 대치동 317-3 대치역,서울특별시 강남구 대치동 3,N,3,4,1,,1,,8,1,2, 서울교통공사 ,02-6110-3451,05:00~24:00,대합실 B1층 역무실 앞,내부,37.493686,127.079479, 서울교통공사 , 역사 내 화장실 , 수세식 ,Y,Y,Y,Y,Y,Y,2015,2023-08-14
100, 공중화장실 ,3, 학여울 ,서울특별시 강남구 대치동 514-3 학여울역,서울특별시 강남구 대치동 5,N,4,4,1,,1,,8,1,2, 서울교통공사 ,02-6110-3461,05:00~24:00,대합실 B4층 외부 E/V 옆 (게이트외),외부,37.483953,127.084413, 서울교통공사 , 역사 내 화장실 , 수세식 ,Y,Y,Y,Y,Y,Y,2018,2023-08-14
101, 공중화장실 ,3, 대청 ,서울특별시 강남구 일원동 700-9 대청역,서울특별시 강남구 일원동 7,N,3,3,1,,1,,6,1,1, 서울교통공사 ,02-6110-3471,05:00~24:00,대합실  B2층 상선 게이트안,내부,37.48735,127.101842, 서울교통공사 , 역사 내 화장실 , 수세식 ,Y,Y,Y,Y,Y,Y,2020,2023-08-14
102, 공중화장실 ,3, 일원 ,서울특별시 강남구 일원동 717 일원역,서울특별시 강남구 일원동 7,N,3,5,1,,,,8,1,, 서울교통공사 ,02-6110-3481,05:00~24:00,"대합실 B2층 7번출구옆, 역무실 앞",외부,37.48398867,127.0841298, 서울교통공사 , 역사 내 화장실 , 수세식 ,Y,Y,Y,Y,Y,Y,2018,2023-08-14
103, 공중화장실 ,3, 수서 ,서울특별시 강남구 수서동 728 수서역,서울특별시 강남구 수서동 7,N,3,5,1,,1,1,8,1,1, 서울교통공사 ,02-6110-3491,05:00~24:00,대합실 B1층 역무실좌측(게이트내),내부,37.48756025,127.1024105, 서울교통공사 , 역사 내 화장실 , 수세식 ,Y,Y,Y,Y,Y,Y,2009,2023-08-14
104, 공중화장실 ,3,가락시장(3),서울특별시 송파구 가락동 184-23 가락시장역,서울특별시 송파구 가락동 1,N,1,2,1,,,,5,1,, 서울교통공사 ,02-6110-3501,05:00~24:00,대합실 B2층 고객상담실앞(게이트내),내부,37.49224932,127.1176417, 서울교통공사 , 역사 내 화장실 , 수세식 ,Y,Y,Y,N,Y,N,2010,2023-08-14
105, 공중화장실 ,3,가락시장(3),서울특별시 송파구 가락동 184-23 가락시장역,서울특별시 송파구 가락동 1,N,3,4,,,,,8,,, 서울교통공사 ,02-6110-3501,05:00~24:00,대합실 B2층 고객상담실앞(게이트외),외부,37.49224932,127.1176417, 서울교통공사 , 역사 내 화장실 , 수세식 ,Y,Y,Y,N,Y,N,2010,2023-08-14
106, 공중화장실 ,3, 경찰병원 ,서울특별시 송파구 가락동 10-15 경찰병원역,서울특별시 송파구 가락동 1,N,2,3,1,,,,2,1,, 서울교통공사 ,02-6110-3512,05:00~24:00,대합실 B1층 역무실 앞(게이트내),내부,37.49600492,127.1244824, 서울교통공사 , 역사 내 화장실 , 수세식 ,Y,Y,Y,N,Y,N,2010,2023-08-14
107, 공중화장실 ,3, 경찰병원 ,서울특별시 송파구 가락동 10-15 경찰병원역,서울특별시 송파구 가락동 1,N,3,4,,,,,11,,, 서울교통공사 ,02-6110-3512,05:00~24:00,대합실 B1층 고객안내부스옆(게이트외),외부,37.49600492,127.1244824, 서울교통공사 , 역사 내 화장실 , 수세식 ,Y,Y,Y,N,Y,N,2010,2023-08-14
108, 공중화장실 ,3,오금(3),서울특별시 송파구 오금동 44-2 오금역,서울특별시 송파구 오금동 4,N,2,2,1,,,,2,1,, 서울교통공사 ,02-6110-3522,05:00~24:00,대합실 B1층 2번출구옆(게이트내),내부,37.50232209,127.1284828, 서울교통공사 , 역사 내 화장실 , 수세식 ,Y,Y,Y,N,Y,N,2010,2023-08-14
109, 공중화장실 ,3,오금(3),서울특별시 송파구 오금동 44-2 오금역,서울특별시 송파구 오금동 4,N,3,3,1,1,,,11,1,, 서울교통공사 ,02-6110-3522,05:00~24:00,대합실 B1층 2번출구옆(게이트외),외부,37.50232209,127.1284828, 서울교통공사 , 역사 내 화장실 , 수세식 ,Y,Y,Y,N,Y,N,2010,2023-08-14
110, 공중화장실 ,4, 당고개 ,서울특별시 노원구 상계동 111 당고개역,서울특별시 노원구 상계동 1,N,2,2,1,1,1,,4,1,1, 서울교통공사 ,02-6110-4091,05:00~24:00,"대합실 1층 (1,4 출구방향)",외부,37.67021684,127.0790666, 서울교통공사 , 역사 내 화장실 , 수세식 ,Y,Y,N,Y,Y,Y,2010,2023-08-14
111, 공중화장실 ,4, 당고개 ,서울특별시 노원구 상계동 111 당고개역,서울특별시 노원구 상계동 1,N,5,9,,,,,7,,, 서울교통공사 ,02-6110-4091,05:00~24:00,대합실 2층 역무실 앞,외부,37.67021684,127.0790666, 서울교통공사 , 역사 내 화장실 , 수세식 ,Y,Y,Y,N,Y,N,2008이전,2023-08-14
112, 공중화장실 ,4, 상계 ,서울특별시 노원구 상계동 156-203 상계역,서울특별시 노원구 상계동 1,N,3,5,1,,2,,8,1,2, 서울교통공사 ,02-6110-4101,05:00~24:00,2층 대합실 나게이트 안,내부,37.648811,127.034866, 서울교통공사 , 역사 내 화장실 , 수세식 ,Y,Y,N,Y,Y,Y,2010,2023-08-14
113, 공중화장실 ,4,노원(4),서울특별시 노원구 상계동 602-5 노원역(4호선),서울특별시 노원구 상계동 6,N,6,6,1,,2,,15,1,2, 서울교통공사 ,02-6110-4111,05:00~24:00,2층 대합실 나게이트 안,내부,37.639775,127.027208, 서울교통공사 , 역사 내 화장실 , 수세식 ,Y,Y,Y,Y,Y,Y,2013,2023-08-14
114, 공중화장실 ,4, 창동 ,서울특별시 도봉구 창동 135-1 창동역,서울특별시 도봉구 창동 13,N,4,7,1,,1,,17,1,1, 서울교통공사 ,02-6110-4121,05:00~24:00,2층 대합실 나게이트 안,내부,37.629878,127.024714, 서울교통공사 , 역사 내 화장실 , 수세식 ,Y,Y,N,Y,Y,Y,2009,2023-08-14
115, 공중화장실 ,4, 쌍문 ,서울특별시 도봉구 창동 703-4 쌍문역,서울특별시 도봉구 창동 70,N,5,5,1,,,,11,1,, 서울교통공사 ,02-6110-4131,05:00~24:00,지하1층 나환기실 옆,외부,37.615104,127.030046, 서울교통공사 , 역사 내 화장실 , 수세식 ,Y,Y,Y,Y,Y,Y,2015,2023-08-14
116, 공중화장실 ,4, 수유 ,서울특별시 강북구 수유동 140 수유역,서울특별시 강북구 수유동 1,N,3,6,1,,,,9,1,1, 서울교통공사 ,02-6110-4141,05:00~24:00,"대합실 지하1층 역무실 옆(2,8번 출구방향)",내부,37.603225,127.024965, 서울교통공사 , 역사 내 화장실 , 수세식 ,Y,Y,N,Y,Y,Y,2010,2023-08-14
117, 공중화장실 ,4, 미아 ,서울특별시 강북구 미아동 194-1 미아역,서울특별시 강북구 미아동 1,N,3,4,1,,,,7,1,, 서울교통공사 ,02-6110-4151,05:00~24:00,"대합실 지하1층 교양휴게실 앞 (3,4번 게이트방향)",외부,37.593048,127.016714, 서울교통공사 , 역사 내 화장실 , 수세식 ,Y,Y,Y,N,Y,N,2022,2023-08-14
118, 공중화장실 ,4, 미아사거리 ,서울특별시 강북구 미아동 66-1 미아사거리역,서울특별시 강북구 미아동 6,N,5,6,1,,1,,12,1,1, 서울교통공사 ,02-6110-4161,05:00~24:00,지하1층 역무실 옆,외부,37.492504,126.894962, 서울교통공사 , 역사 내 화장실 , 수세식 ,Y,Y,Y,N,Y,N,2008이전,2023-08-14
119, 공중화장실 ,4, 길음 ,서울특별시 성북구 길음동 877-66 길음역,서울특별시 성북구 길음동 8,N,5,5,1,,2,,12,1,2, 서울교통공사 ,02-6110-4171,05:00~24:00,지하1층 대합실 가게이트 밖,외부,37.581893,127.001953, 서울교통공사 , 역사 내 화장실 , 수세식 ,Y,Y,Y,Y,Y,Y,2013,2023-08-14
120, 공중화장실 ,4, 성신여대입구 ,서울특별시 성북구 동선동4가 1 성신여대입구역,서울특별시 성북구 동선동4가,N,4,6,1,1,2,,10,1,, 서울교통공사 ,02-6110-4181,05:00~24:00,지하1층 고객 안내부스에서 10m 안쪽,내부,37.570385,127.009529, 서울교통공사 , 역사 내 화장실 , 수세식 ,Y,Y,Y,Y,Y,Y,2011,2023-08-14
121, 공중화장실 ,4, 한성대입구 ,서울특별시 성북구 삼선동1가 14 한성대입구역,서울특별시 성북구 삼선동1가,N,5,7,,,,,6,,, 서울교통공사 ,02-6110-4191,05:00~24:00,"1번출구방향, 가게이트 쪽(게이트외)",외부,37.58842461,127.0060178, 서울교통공사 , 역사 내 화장실 , 수세식 ,Y,Y,Y,N,Y,N,2008이전,2023-08-14
122, 공중화장실 ,4, 혜화 ,서울특별시 종로구 명륜4가 96-5 4호선 혜화역,서울특별시 종로구 명륜4가,N,4,6,1,,,,10,1,, 서울교통공사 ,02-6110-4201,05:00~24:00,(지하1층 3번출구 방면),외부,37.58204392,127.0194501, 서울교통공사 , 역사 내 화장실 , 수세식 ,Y,Y,N,Y,Y,Y,2009,2023-08-14
123, 공중화장실 ,4,동대문(4),서울특별시 종로구 종로6가 287-1 동대문역(4호선),서울특별시 종로구 종로6가,N,2,4,1,,1,,6,1,, 서울교통공사 ,02-6110-4211,05:00~24:00,지하2층,내부,37.561159,126.994398, 서울교통공사 , 역사 내 화장실 , 수세식 ,Y,Y,N,Y,N,Y,2019,2023-08-14
124, 공중화장실 ,4,동대문역사문화공원(4),서울특별시 중구 광희동2가 9 동대문역사문화공원역(4호선),서울특별시 중구 광희동2가,N,3,5,1,,1,,12,1,1, 서울교통공사 ,02-6110-4221,05:00~24:00,"지하1층 10,11번 기둥앞",외부,37.56514371,127.0079152, 서울교통공사 , 역사 내 화장실 , 수세식 ,Y,Y,Y,Y,Y,Y,2010,2023-08-14
125, 공중화장실 ,4,동대문역사문화공원(4),서울특별시 중구 광희동2가 9 동대문역사문화공원역(4호선),서울특별시 중구 광희동2가,N,3,5,1,,,,12,1,, 서울교통공사 ,02-6110-4221,05:00~24:00,지하2층 내부계단 옆,내부,37.56514371,127.0079152, 서울교통공사 , 역사 내 화장실 , 수세식 ,Y,Y,Y,Y,Y,Y,2010,2023-08-14
126, 공중화장실 ,4,충무로(4),"서울특별시 중구 필동2가 16-2 충무로역(3, 4호선)",서울특별시 중구 필동2가 1,N,6,5,1,,,1,14,1,1, 서울교통공사 ,02-6110-4231,05:00~24:00,"지하2층 3,4,5,6,7번 출구쪽, 게이트내",내부,37.535982,126.971351, 서울교통공사 , 역사 내 화장실 , 수세식 ,Y,Y,Y,N,Y,N,2012,2023-08-14
127, 공중화장실 ,4, 명동 ,서울특별시 중구 충무로2가 109-2 명동역 4호선,서울특별시 중구 충무로2가,N,4,5,1,,,,9,1,1, 서울교통공사 ,02-6110-4241,05:00~24:00,"지하1층 2,3,4,5,6,7,8번 출구쪽, 게이트내",내부,37.545528,126.97197, 서울교통공사 , 역사 내 화장실 , 수세식 ,Y,Y,Y,Y,Y,Y,2017,2023-08-14
128, 공중화장실 ,4, 회현 ,서울특별시 중구 남창동 64-1 회현역 4호선,서울특별시 중구 남창동 64,N,4,4,1,1,1,,8,1,2, 서울교통공사 ,02-6110-4251,05:00~24:00,게이트내 지하2층,내부,37.534394,126.973014, 서울교통공사 , 역사 내 화장실 , 수세식 ,Y,Y,Y,Y,Y,Y,2012,2023-08-14
129, 공중화장실 ,4,서울(4),서울특별시 중구 용산구 동자동 14-151 서울역(4호선), 서울특별시 중구 용산구 동자 ,N,5,4,1,,1,,10,1,1, 서울교통공사 ,02-6110-4261,05:00~24:00,"14번 출구  옆, 11번 출구 물품보관함 건너편",외부,37.529364,126.968299, 서울교통공사 , 역사 내 화장실 , 수세식 ,Y,Y,Y,Y,Y,Y,2015,2023-08-14
130, 공중화장실 ,4, 숙대입구 ,서울특별시 용산구 갈월동 16-7 숙대입구역,서울특별시 용산구 갈월동 1,N,4,6,1,1,2,,10,1,2, 서울교통공사 ,02-6110-4271,05:00~24:00,지하1층 가대합실과 나대합실 연결통로 가운데 위치,외부,37.522481,126.973671, 서울교통공사 , 역사 내 화장실 , 수세식 ,Y,Y,Y,Y,Y,Y,2012,2023-08-14
131, 공중화장실 ,4,삼각지(4),서울특별시 용산구 한강로1가 228-1 삼각지역(4호선),서울특별시 용산구 한강로1가,N,3,3,1,,,,9,1,1, 서울교통공사 ,02-6110-4281,05:00~24:00,"지하 1층 3,4번 출구 게이트 안쪽",외부,37.503465,126.979927, 서울교통공사 , 역사 내 화장실 , 수세식 ,Y,Y,Y,Y,Y,Y,2010,2023-08-14
132, 공중화장실 ,4, 신용산 ,서울특별시 용산구 한강로2가 181 4호선 신용산역,서울특별시 용산구 한강로2가,N,4,6,1,,1,,10,1,1, 서울교통공사 ,02-6110-4291,05:00~24:00,지하1층 삼각지측,외부,37.487514,126.982162, 서울교통공사 , 역사 내 화장실 , 수세식 ,Y,Y,Y,Y,Y,Y,2016,2023-08-14
133, 공중화장실 ,4, 이촌 ,서울특별시 용산구 용산동5가 17-112 4호선 이촌역,서울특별시 용산구 용산동5가,N,4,4,1,,,,11,1,, 서울교통공사 ,02-6110-4301,05:00~24:00,대합실(지하1층) 역무실 앞,내부,37.52237348,126.9745201, 서울교통공사 , 역사 내 화장실 , 수세식 ,Y,Y,Y,Y,Y,Y,2012,2023-08-14
134, 공중화장실 ,4, 동작 ,서울특별시 동작구 동작동 327-1 4호선 동작역,서울특별시 동작구 동작동 3,N,5,5,1,1,1,,15,1,1, 서울교통공사 ,02-6110-4311,05:00~24:00,대합실 2층 구내식당좌측,내부,37.50297958,126.9803148, 서울교통공사 , 역사 내 화장실 , 수세식 ,Y,Y,N,Y,N,Y,2010,2023-08-14
135, 공중화장실 ,4,총신대입구(4),서울특별시 동작구 사당동 736-1 총신대역4호선,서울특별시 동작구 사당동 7,N,3,4,1,,1,,7,1,2, 서울교통공사 ,02-6110-4321,05:00~24:00,지하1층 동작측,내부,37.4867996,126.9822119, 서울교통공사 , 역사 내 화장실 , 수세식 ,Y,Y,Y,Y,Y,Y,2016,2023-08-14
136, 공중화장실 ,4,사당(4),서울특별시 동작구 사당동 588-4 사당역(4호선),서울특별시 동작구 사당동 5,N,3,4,1,,,,6,1,, 서울교통공사 ,02-6110-4331,05:00~24:00,(지하1층 총신대측),외부,37.47759121,126.9816985, 서울교통공사 , 역사 내 화장실 , 수세식 ,Y,Y,N,Y,Y,Y,2009,2023-08-14
137, 공중화장실 ,4,사당(4),서울특별시 동작구 사당동 588-4 사당역(4호선),서울특별시 동작구 사당동 5,N,4,7,1,,,,12,1,, 서울교통공사 ,02-6110-4331,05:00~24:00,(지하1층 남태령측),외부,37.47759121,126.9816985, 서울교통공사 , 역사 내 화장실 , 수세식 ,Y,Y,N,Y,Y,Y,2009,2023-08-14
138, 공중화장실 ,4,사당(4),서울특별시 동작구 사당동 588-4 사당역(4호선),서울특별시 동작구 사당동 5,N,4,5,1,,,,9,1,, 서울교통공사 ,02-6110-4331,05:00~24:00,(지하2층 환승통로),내부,37.47759121,126.9816985, 서울교통공사 , 역사 내 화장실 , 수세식 ,Y,Y,Y,Y,Y,Y,2020,2023-08-14
139, 공중화장실 ,4, 남태령 ,서울특별시 서초구 방배동 2909 남태령역,서울특별시 서초구 방배동 2,N,3,5,1,1,,,3,1,, 서울교통공사 ,02-6110-4341,05:00~24:00,(지하2층 역무실 옆),내부,37.588021,127.005797, 서울교통공사 , 역사 내 화장실 , 수세식 ,Y,Y,Y,N,Y,N,2008이전,2023-08-14
140, 공중화장실 ,5, 방화 ,서울특별시 강서구 방화동 829-15 방화역,서울특별시 강서구 방화동 8,N,3,4,1,,1,,7,1,1, 서울교통공사 ,02-6311-5101,05:00~24:00,"대합실 1층 3,4번출구방향 앞",외부,37.577622,126.810637, 서울교통공사 , 역사 내 화장실 , 수세식 ,Y,Y,N,Y,N,Y,2015,2023-08-14
141, 공중화장실 ,5, 개화산 ,서울특별시 강서구 방화동 846 개화산역,서울특별시 강서구 방화동 8,N,2,3,1,,1,,5,1,1, 서울교통공사 ,02-6311-5111,05:00~24:00,대합실 지하1층 하선E/L 옆,외부,37.572455,126.80465, 서울교통공사 , 역사 내 화장실 , 수세식 ,Y,Y,N,Y,N,Y,2015,2023-08-14
142, 공중화장실 ,5,김포공항(5),서울특별시 강서구 방화동 886 김포공항역,서울특별시 강서구 방화동 8,N,1,2,,,,,2,,, 서울교통공사 ,02-6311-5121,05:00~24:00,"대합실 1층, 1번출구 옆(지하철경찰센터 옆)",외부,37.56209982,126.8012568, 서울교통공사 , 역사 내 화장실 , 수세식 ,Y,Y,Y,N,Y,N,2008이전,2023-08-14
143, 공중화장실 ,5,김포공항(5),서울특별시 강서구 방화동 886 김포공항역,서울특별시 강서구 방화동 8,N,3,4,1,,,,7,1,, 서울교통공사 ,02-6311-5121,05:00~24:00,"대합실 2층,1번출구 아래(국내선 연결통로 방면)",외부,37.56209982,126.8012568, 서울교통공사 , 역사 내 화장실 , 수세식 ,Y,Y,Y,N,Y,N,2008이전,2023-08-14
144, 공중화장실 ,5, 송정 ,서울특별시 강서구 공항동 29-5 송정역,서울특별시 강서구 공항동 2,N,2,4,1,,,,8,1,, 서울교통공사 ,02-6311-5131,05:00~24:00,대합실 2층 ES 1호기 앞,외부,36.344485,126.875648, 서울교통공사 , 역사 내 화장실 , 수세식 ,Y,Y,Y,N,Y,N,2008이전,2023-08-14
145, 공중화장실 ,5, 마곡 ,서울특별시 강서구 가양동 530-6 마곡역,서울특별시 강서구 가양동 5,N,2,5,1,,,,7,1,, 서울교통공사 ,02-6311-5141,05:00~24:00,지하1층 대합실 2번출구 하단,외부,37.561084,126.823603, 서울교통공사 , 역사 내 화장실 , 수세식 ,Y,Y,N,Y,N,Y,2008이전,2023-08-14
146, 공중화장실 ,5, 발산 ,서울특별시 강서구 가양동 967-3 발산역,서울특별시 강서구 가양동 9,N,3,4,1,,1,,8,1,1, 서울교통공사 ,02-6311-5151,05:00~24:00,"대합실 1층 1, 9번 출구 사이",외부,37.55867774,126.8377364, 서울교통공사 , 역사 내 화장실 , 수세식 ,Y,Y,N,Y,N,Y,2009,2023-08-14
147, 공중화장실 ,5, 우장산 ,서울특별시 강서구 화곡동 1089-3 우장산역,서울특별시 강서구 화곡동 1,N,3,3,1,,,,6,1,, 서울교통공사 ,02-6311-5161,05:00~24:00,지하1층 대합실 2번출구 앞,외부,37.54881619,126.8363263, 서울교통공사 , 역사 내 화장실 , 수세식 ,Y,Y,N,Y,N,Y,2009,2023-08-14
148, 공중화장실 ,5, 화곡 ,서울특별시 강서구 화곡동 1089-54 화곡역,서울특별시 강서구 화곡동 1,N,4,7,1,,,,11,1,, 서울교통공사 ,02-6311-5171,05:00~24:00,"대합실 1층 7,8번 출구 앞",외부,37.541578,126.838247, 서울교통공사 , 역사 내 화장실 , 수세식 ,Y,Y,N,Y,N,Y,2009,2023-08-14
149, 공중화장실 ,5,까치산(5),서울특별시 강서구 화곡동 662-5 까치산역(5호선),서울특별시 강서구 화곡동 6,N,7,8,1,,,,16,1,1, 서울교통공사 ,02-6311-5181,05:00~24:00,"대합실(지하1층) 3,4번 출구 앞",외부,37.531768,126.844517, 서울교통공사 , 역사 내 화장실 , 수세식 ,Y,Y,N,Y,N,Y,2009,2023-08-14
150, 공중화장실 ,5, 신정 ,서울특별시 양천구 신정동 1090 신정역,서울특별시 양천구 신정동 1,N,3,5,1,,1,,8,1,1, 서울교통공사 ,02-6311-5191,05:00~24:00,"2,3번 출구 지하 (가)대합실 운임지역 내",외부,37.524977,126.853975, 서울교통공사 , 역사 내 화장실 , 수세식 ,Y,Y,N,Y,N,Y,2009,2023-08-14
151, 공중화장실 ,5, 목동 ,서울특별시 양천구 목동 926-3 목동역,서울특별시 양천구 목동 92,N,3,4,1,,,,7,1,, 서울교통공사 ,02-6311-5201,05:00~24:00,대합실 지하1층 7번출구 옆,외부,37.526072,126.862112, 서울교통공사 , 역사 내 화장실 , 수세식 ,Y,Y,N,Y,Y,N,2008이전,2023-08-14
152, 공중화장실 ,5, 오목교 ,서울특별시 양천구 목동 406-30 오목교역,서울특별시 양천구 목동 40,N,2,6,1,,,,5,1,, 서울교통공사 ,02-6311-5211,05:00~24:00,대합실 B1층 3번 출구 방향 임대상가 옆,외부,37.524553,126.872861, 서울교통공사 , 역사 내 화장실 , 수세식 ,Y,Y,N,Y,N,Y,2008이전,2023-08-14
153, 공중화장실 ,5,양평(5),서울특별시 영등포구 양평동2가 33-79 양평역,서울특별시 영등포구 양평동2,N,3,4,1,,,,8,1,, 서울교통공사 ,02-6311-5221,05:00~24:00,b1층 고객상담실 옆. 운임지역내,내부,37.509109,127.049088, 서울교통공사 , 역사 내 화장실 , 수세식 ,Y,Y,N,Y,N,Y,2009,2023-08-14
154, 공중화장실 ,5,영등포구청(5),서울특별시 영등포구 당산동3가 556-1 영등포구청역(5호선),서울특별시 영등포구 당산동3,N,3,3,1,,,,8,1,, 서울교통공사 ,02-6311-5231,05:00~24:00,대합실 지하1층 7번출구 방면,외부,37.526714,126.893067, 서울교통공사 , 역사 내 화장실 , 수세식 ,Y,Y,N,Y,N,Y,2011,2023-08-14
155, 공중화장실 ,5, 영등포시장 ,서울특별시 영등포구 영등포동5가 62-1 영등포시장역, 서울특별시 영등포구 영등포동 ,N,4,4,1,,1,,9,1,1, 서울교통공사 ,02-6311-5241,05:00~24:00,"대합실 1층  2, 3번출구 앞",외부,37.521638,126.902798, 서울교통공사 , 역사 내 화장실 , 수세식 ,Y,Y,N,Y,N,Y,2010,2023-08-14
156, 공중화장실 ,5,신길(5),서울특별시 영등포구 영등포동1가 35 신길역, 서울특별시 영등포구 영등포동 ,N,3,5,1,,1,,9,1,1, 서울교통공사 ,02-6311-5251,05:00~24:00,대합실(B3) 3번출구 앞,외부,37.517346,126.914221, 서울교통공사 , 역사 내 화장실 , 수세식 ,Y,Y,N,Y,N,Y,2015,2023-08-14
157, 공중화장실 ,5,여의도(5),서울특별시 영등포구 여의도동 3 여의도역, 서울특별시 영등포구 여의도동 ,N,5,8,1,,,,11,1,, 서울교통공사 ,02-6311-5261,05:00~24:00,대합실1층  가게이트 옆,외부,37.52157,126.922123, 서울교통공사 , 역사 내 화장실 , 수세식 ,Y,Y,N,Y,N,Y,2008이전,2023-08-14
158, 공중화장실 ,5, 여의나루 ,서울특별시 영등포구 여의도동 84-4 여의나루역, 서울특별시 영등포구 여의도동 ,N,5,8,1,,1,,15,1,1, 서울교통공사 ,02-6311-5271,05:00~24:00,지하1층 대합실 비운임지역 ES옆,외부,37.527141,126.930621, 서울교통공사 , 역사 내 화장실 , 수세식 ,Y,Y,N,Y,N,Y,2008이전,2023-08-14
159, 공중화장실 ,5, 마포 ,서울특별시 마포구 도화동 160 마포역,서울특별시 마포구 도화동 1,N,3,5,1,,,,8,1,, 서울교통공사 ,02-6311-5281,05:00~24:00,대합실 1층 토니모리 좌측,외부,37.539705,126.943851, 서울교통공사 , 역사 내 화장실 , 수세식 ,Y,Y,N,Y,N,Y,2008이전,2023-08-14
160, 공중화장실 ,5,공덕(5),"서울특별시 마포구 공덕동 423-29 공덕역(5, 6호선)",서울특별시 마포구 공덕동 4,N,3,5,1,,,,8,1,1, 서울교통공사 ,02-6311-5291,05:00~24:00,대합실 1층 3번출구 앞,외부,37.54454169,126.9514512, 서울교통공사 , 역사 내 화장실 , 수세식 ,Y,Y,N,Y,N,Y,2008이전,2023-08-14
161, 공중화장실 ,5, 애오개 ,서울특별시 마포구 아현동 612 애오개역,서울특별시 마포구 아현동 6,N,4,5,1,,,,9,1,, 서울교통공사 ,02-6311-5301,05:00~24:00,대합실 1층 게이트 통과 후좌측,외부,37.55359,126.95455, 서울교통공사 , 역사 내 화장실 , 수세식 ,Y,Y,N,Y,N,Y,2012,2023-08-14
162, 공중화장실 ,5,충정로(5),서울특별시 서대문구 충정로3가 248-1 충정로역(5호선),서울특별시 서대문구 충정로3,N,2,3,1,,1,,5,1,1, 서울교통공사 ,02-6311-5311,05:00~24:00,대합실 B1층 8번출구 방향  i센터 맞은 편,외부,37.560055,126.961483, 서울교통공사 , 역사 내 화장실 , 수세식 ,Y,Y,N,Y,N,Y,2012,2023-08-14
163, 공중화장실 ,5, 서대문 ,서울특별시 종로구 평동 210 서대문역,서울특별시 종로구 평동 21,N,5,7,1,,1,,12,1,1, 서울교통공사 ,02-6311-5321,05:00~24:00,"지하1층 대합실 1, 2번 출구내려와서 왼쪽편",외부,37.56577,126.964461, 서울교통공사 , 역사 내 화장실 , 수세식 ,Y,Y,N,Y,N,Y,2009,2023-08-14
164, 공중화장실 ,5, 광화문 ,서울특별시 종로구 세종로 1-90 광화문역,서울특별시 종로구 세종로 1,N,3,5,1,,,,8,1,, 서울교통공사 ,02-6311-5331,05:00~24:00,세종측 대합실 지하1층,외부,37.568666,126.969794, 서울교통공사 , 역사 내 화장실 , 수세식 ,Y,Y,Y,N,Y,N,2008이전,2023-08-14
165, 공중화장실 ,5,종로3가(5),서울특별시 종로구 낙원동 126 종로3가역(5호선),서울특별시 종로구 낙원동 1,N,5,6,1,,,,13,1,, 서울교통공사 ,02-6311-5341,05:00~24:00,(대합실 지하1층 역무실 맞은편),내부,37.5715,126.989059, 서울교통공사 , 역사 내 화장실 , 수세식 ,Y,Y,N,Y,N,Y,2012,2023-08-14
166, 공중화장실 ,5,을지로4가(5),서울특별시 중구 을지로4가 192 을지로4가역(5호선),서울특별시 중구 을지로4가,N,4,4,1,,1,,8,1,1, 서울교통공사 ,02-6311-5351,05:00~24:00,"대합실 B1층, B2층 내려가는 계단 앞",외부,37.567015,126.995642, 서울교통공사 , 역사 내 화장실 , 수세식 ,Y,Y,N,Y,N,Y,2010,2023-08-14
167, 공중화장실 ,5,동대문역사문화공원(5),서울특별시 중구 광희동1가 235-6 동대문역사문화공원역(5호선),서울특별시 중구 광희동1가,N,3,4,1,,1,,9,1,1, 서울교통공사 ,02-6311-5361,05:00~24:00,지하1층,외부,37.565102,127.005576, 서울교통공사 , 역사 내 화장실 , 수세식 ,Y,Y,N,Y,N,Y,2009,2023-08-14
168, 공중화장실 ,5, 신금호 ,서울특별시 성동구 금호동2가 223-1 신금호역,서울특별시 성동구 금호동2가,N,2,5,1,,1,,7,1,1, 서울교통공사 ,02-6311-5381,05:00~24:00,B2 게이트 앞,외부,37.554468,127.018605, 서울교통공사 , 역사 내 화장실 , 수세식 ,Y,Y,N,Y,N,Y,2009,2023-08-14
169, 공중화장실 ,5, 행당 ,서울특별시 성동구 행당동 317-241 행당역,서울특별시 성동구 행당동 3,N,4,5,1,,,,9,1,1, 서울교통공사 ,02-6311-5391,05:00~24:00,지하3층 E/S 옆(고객상담실 및만남의장소 앞),외부,37.55736378,127.0295118, 서울교통공사 , 역사 내 화장실 , 수세식 ,Y,Y,N,Y,N,Y,2009,2023-08-14
170, 공중화장실 ,5,왕십리(5),서울특별시 성동구 행당동 192 왕십리역(5호선),서울특별시 성동구 행당동 1,N,5,5,1,,1,,14,1,1, 서울교통공사 ,02-6311-5401,05:00~24:00,b2 대합실 상가2002호점 옆,내부,37.56203954,127.0373313, 서울교통공사 , 역사 내 화장실 , 수세식 ,Y,Y,N,Y,N,Y,2010,2023-08-14
171, 공중화장실 ,5, 마장 ,서울특별시 성동구 마장동 772 마장역,서울특별시 성동구 마장동 7,N,4,3,1,,1,,7,1,1, 서울교통공사 ,02-6311-5411,05:00~24:00,지하2층 대합실,외부,37.566127,127.040776, 서울교통공사 , 역사 내 화장실 , 수세식 ,Y,Y,N,Y,N,Y,2013,2023-08-14
172, 공중화장실 ,5, 답십리 ,서울특별시 성동구 용답동 99 답십리역,서울특별시 성동구 용답동 9,N,4,6,1,,1,,10,1,1, 서울교통공사 ,02-6311-5421,05:00~24:00,"B1층 5,6번 출입구 방향",외부,37.567072,127.050193, 서울교통공사 , 역사 내 화장실 , 수세식 ,Y,Y,N,Y,N,Y,2008,2023-08-14
173, 공중화장실 ,5, 장한평 ,서울특별시 동대문구 장안동 472-3 장한평역, 서울특별시 동대문구 장안동  ,N,4,5,1,,,,9,1,, 서울교통공사 ,02-6311-5431,05:00~24:00,지하 1층 1번출구 나가기전좌측방향,외부,37.561472,127.062468, 서울교통공사 , 역사 내 화장실 , 수세식 ,Y,Y,N,Y,N,Y,2006,2023-08-14
174, 공중화장실 ,5,군자(5),"서울특별시 광진구 능동 275-5 군자역(5, 7호선)",서울특별시 광진구 능동 27,N,7,6,1,,1,,19,1,1, 서울교통공사 ,02-6311-5441,05:00~24:00,지하1층 대합실 5 게이트(가) 앞,외부,37.557336,127.0774, 서울교통공사 , 역사 내 화장실 , 수세식 ,Y,Y,N,Y,N,Y,2010,2023-08-14
175, 공중화장실 ,5, 아차산 ,서울특별시 광진구 능동 256-16 아차산역,서울특별시 광진구 능동 25,N,4,4,1,,1,,9,1,1, 서울교통공사 ,02-6311-5451,05:00~24:00,지하1층 대합실,외부,37.551959,127.087363, 서울교통공사 , 역사 내 화장실 , 수세식 ,Y,Y,N,Y,N,Y,2015,2023-08-14
176, 공중화장실 ,5, 광나루 ,서울특별시 광진구 광장동 237 광나루역,서울특별시 광진구 광장동 2,N,6,6,1,,1,,14,1,1, 서울교통공사 ,02-6311-5461,05:00~24:00,지하1층,외부,37.545332,127.101417, 서울교통공사 , 역사 내 화장실 , 수세식 ,Y,Y,N,Y,N,Y,2012,2023-08-14
177, 공중화장실 ,5,천호(5),"서울특별시 강동구 천호동 455 천호역(5, 8호선)",서울특별시 강동구 천호동 4,N,5,11,1,,2,,16,1,2, 서울교통공사 ,02-6311-5471,05:00~24:00,"지하1층 대합실(5,6번출구 방향)",외부,37.538462,127.122905, 서울교통공사 , 역사 내 화장실 , 수세식 ,Y,Y,N,Y,N,Y,2009,2023-08-14
178, 공중화장실 ,5, 강동 ,서울특별시 강동구 천호동 447 강동역,서울특별시 강동구 천호동 4,N,5,8,1,,1,,13,1,1, 서울교통공사 ,02-6311-5481,05:00~24:00,대합실 지하1층 2번출구 앞,외부,37.53594,127.1299, 서울교통공사 , 역사 내 화장실 , 수세식 ,Y,Y,N,Y,N,Y,2012,2023-08-14
179, 공중화장실 ,5, 길동 ,서울특별시 강동구 길동 378 길동역,서울특별시 강동구 길동 37,N,3,4,1,,1,,7,1,1, 서울교통공사 ,02-6311-5491,05:00~24:00,대합실 지하1층 3번 출구 옆,외부,37.537769,127.137803, 서울교통공사 , 역사 내 화장실 , 수세식 ,Y,Y,N,Y,N,Y,2014,2023-08-14
180, 공중화장실 ,5, 굽은다리 ,서울특별시 강동구 명일동 345-12 굽은다리역,서울특별시 강동구 명일동 3,N,3,4,1,,,,7,1,, 서울교통공사 ,02-6311-5501,05:00~24:00,대합실 지하1층 3번출구 앞,외부,37.545539,127.140717, 서울교통공사 , 역사 내 화장실 , 수세식 ,Y,Y,N,Y,N,Y,2008,2023-08-14
181, 공중화장실 ,5, 명일 ,서울특별시 강동구 명일동 312 명일역,서울특별시 강동구 명일동 3,N,3,5,1,,,,8,1,1, 서울교통공사 ,02-6311-5511,05:00~24:00,대합실 지하1층 3번출구 앞,외부,37.55131,127.141825, 서울교통공사 , 역사 내 화장실 , 수세식 ,Y,Y,N,Y,N,Y,2008,2023-08-14
182, 공중화장실 ,5, 고덕 ,서울특별시 강동구 고덕동 310 고덕역,서울특별시 강동구 고덕동 3,N,3,3,1,,,,6,1,, 서울교통공사 ,02-6311-5521,05:00~24:00,대합실 지하1층 1번 출구 방향,외부,37.555051,127.151921, 서울교통공사 , 역사 내 화장실 , 수세식 ,Y,Y,N,Y,N,Y,2012,2023-08-14
183, 공중화장실 ,5, 상일동 ,서울특별시 강동구 상일동 148 상일동역,서울특별시 강동구 상일동 1,N,3,5,1,,1,,8,1,1, 서울교통공사 ,02-6311-5531,05:00~24:00,대합실 지하1층 4번출구 앞,외부,37.557055,127.166995, 서울교통공사 , 역사 내 화장실 , 수세식 ,Y,Y,N,Y,N,Y,2015,2023-08-14
184, 공중화장실 ,5, 강일 ,서울특별시 강동구 고덕로 지하 456 강일역,서울특별시 강동구 상일동 73,N,2,3,1,1,1,1,8,1,1, 서울교통공사 ,02-6311-5611,05:00~24:00,B2층 3번출구 앞,외부,37.55758,127.17588, 서울교통공사 , 역사 내 화장실 , 수세식 ,Y,Y,N,Y,N,Y,2021,2023-08-14
185, 공중화장실 ,5, 강일 ,서울특별시 강동구 고덕로 지하 456 강일역,서울특별시 강동구 상일동 73,N,2,3,1,1,1,1,8,1,1, 서울교통공사 ,02-6311-5611,05:00~24:00,B2층 4번출구 앞,외부,37.55758,127.17588, 서울교통공사 , 역사 내 화장실 , 수세식 ,Y,Y,N,Y,N,Y,2021,2023-08-14
186, 공중화장실 ,5, 미사 ,경기도 하남시 미사강변동로 지하90 미사역,경기도 하남시 망월동 1122,N,2,3,1,,1,,8,1,1, 서울교통공사 ,02-6311-5621,05:00~24:00,대합실 지하1층 5번 출구옆,외부,37.563355,127.192636, 서울교통공사 , 역사 내 화장실 , 수세식 ,Y,Y,Y,N,Y,N,2020,2023-08-14
187, 공중화장실 ,5, 미사 ,경기도 하남시 미사강변동로 지하90 미사역,경기도 하남시 망월동 1122,N,2,2,1,,,,7,1,, 서울교통공사 ,02-6311-5621,05:00~24:00,대합실 지하1층 승강장 상선 내부계단옆,내부,37.563355,127.192636, 서울교통공사 , 역사 내 화장실 , 수세식 ,Y,Y,N,N,N,N,2020,
188, 공중화장실 ,5, 하남풍산 ,경기도 하남시 덕풍서로 50 하남풍산역,경기도 하남시 덕풍동 727-3,N,5,6,1,,1,,15,1,1, 서울교통공사 ,02-6311-5631,05:00~24:00,"대합실 지하1층 1,2출구 앞",외부,37.552026,127.203768, 서울교통공사 , 역사 내 화장실 , 수세식 ,Y,Y,Y,N,Y,N,2020,2023-08-14
189, 공중화장실 ,5, 하남시청 ,경기도 하남시 하남대로 지하 820 하남시청역,경기도 하남시 덕풍동 405-1,N,5,6,1,,1,,16,1,1, 서울교통공사 ,02-6311-5641,05:00~24:00,대합실 지하1층 1~3출구 앞,외부,37.54172,127.20676, 서울교통공사 , 역사 내 화장실 , 수세식 ,Y,Y,Y,N,Y,N,2021,2023-08-14
190, 공중화장실 ,5, 하남검단산 ,경기도 하남시 대청로 지하 100 하남검단산역,경기도 하남시 창우동 526,N,4,7,1,,1,1,15,1,1, 서울교통공사 ,02-6311-5651,05:00~24:00,"대합실 지하1층 1,2출구 앞",외부,37.53996,127.22263, 서울교통공사 , 역사 내 화장실 , 수세식 ,Y,Y,Y,N,Y,N,2021,2023-08-14
191, 공중화장실 ,5, 둔촌동 ,서울특별시 강동구 둔촌동 416 둔촌동역,서울특별시 강동구 둔촌동 4,N,3,5,1,,,,8,1,1, 서울교통공사 ,02-6311-5541,05:00~24:00,"대합실 지하1층, 3,4번 출구 방향",외부,37.527657,127.134042, 서울교통공사 , 역사 내 화장실 , 수세식 ,Y,Y,N,Y,N,Y,2008,2023-08-14
192, 공중화장실 ,5, 올림픽공원 ,서울특별시 송파구 방이동 89-28 올림픽공원역,서울특별시 송파구 방이동 8,N,3,3,1,,1,,6,1,1, 서울교통공사 ,02-6311-5551,05:00~24:00,대합실 지하1층 2번출구 앞,외부,37.516628,127.128901, 서울교통공사 , 역사 내 화장실 , 수세식 ,Y,Y,N,Y,N,Y,2010,2023-08-14
193, 공중화장실 ,5, 방이 ,서울특별시 송파구 방이동 217-2 방이역,서울특별시 송파구 방이동 2,N,3,4,1,,1,,7,1,1, 서울교통공사 ,02-6311-5561,05:00~24:00,"대합실 지하1층 3,4번 출구방향",외부,37.508559,127.123771, 서울교통공사 , 역사 내 화장실 , 수세식 ,Y,Y,N,Y,N,Y,2013,2023-08-14
194, 공중화장실 ,5,오금(5),서울특별시 송파구 오금동 44-2 오금역,서울특별시 송파구 오금동 4,N,2,3,1,,1,,5,1,1, 서울교통공사 ,02-6110-3522,05:00~24:00,대합실 지하1층 방이역 방향,내부,37.502234,127.126165, 서울교통공사 , 역사 내 화장실 , 수세식 ,Y,Y,N,Y,N,Y,2014,2023-08-14
195, 공중화장실 ,5, 개롱 ,서울특별시 송파구 오금동 165-2 개롱역,서울특별시 송파구 오금동 1,N,3,3,1,,1,,6,1,1, 서울교통공사 ,02-6311-5581,05:00~24:00,"1,4번호 출구 사이",외부,37.498162,127.132471, 서울교통공사 , 역사 내 화장실 , 수세식 ,Y,Y,N,Y,N,Y,2013,2023-08-14
196, 공중화장실 ,5, 거여 ,서울특별시 송파구 거여동 20-14 거여역,서울특별시 송파구 거여동 2,N,3,3,1,,,,6,1,, 서울교통공사 ,02-6311-5591,05:00~24:00,대합실 1층 8번출구 앞,외부,37.494249,127.13979, 서울교통공사 , 역사 내 화장실 , 수세식 ,Y,Y,N,Y,N,Y,2013,2023-08-14
197, 공중화장실 ,5, 마천 ,서울특별시 송파구 마천동 307-4 마천역,서울특별시 송파구 마천동 3,N,5,7,1,,1,,15,1,1, 서울교통공사 ,02-6311-5601,05:00~24:00,대합실 지하1층 1번출구 방향에서우측 코너,외부,37.49502,127.150601, 서울교통공사 , 역사 내 화장실 , 수세식 ,Y,Y,N,Y,N,Y,2009,2023-08-14
198, 공중화장실 ,6, 응암 ,서울특별시 은평구 역촌동 85-41 응암역,서울특별시 은평구 역촌동 8,N,3,4,1,,,,7,1,, 서울교통공사 ,02-6311-6101,05:00~24:00,대합실 B1층 GS25 편의점 옆,외부,37.598472,126.913403, 서울교통공사 , 역사 내 화장실 , 수세식 ,Y,Y,N,Y,N,Y,2016,2023-08-14
199, 공중화장실 ,6, 역촌 ,서울특별시 은평구 녹번동 144-69 역촌역,서울특별시 은평구 녹번동 1,N,3,3,1,,1,,6,1,1, 서울교통공사 ,02-6311-6111,05:00~24:00,대합실 1층 3번출구 옆,외부,37.60515,126.919893, 서울교통공사 , 역사 내 화장실 , 수세식 ,Y,Y,N,Y,N,Y,2018,2023-08-14
200, 공중화장실 ,6,불광(6),서울특별시 은평구 대조동 14-1 불광역(6호선),서울특별시 은평구 대조동 1,N,2,3,1,,1,,6,1,1, 서울교통공사 ,02-6311-6121,05:00~24:00,"지하1층 가 대합실( 6,7번출구 아래)",외부,37.610098,126.928007, 서울교통공사 , 역사 내 화장실 , 수세식 ,Y,Y,N,Y,N,Y,2018,2023-08-14
201, 공중화장실 ,6, 독바위 ,서울특별시 은평구 불광동 13-33 독바위역,서울특별시 은평구 불광동 1,N,2,3,1,,1,,5,1,1, 서울교통공사 ,02-6311-6131,05:00~24:00,대합실 B1층 E/S 7호기 옆,외부,37.618387,126.930848, 서울교통공사 , 역사 내 화장실 , 수세식 ,Y,Y,N,Y,N,Y,2018,2023-08-14
202, 공중화장실 ,6,연신내(6),서울특별시 은평구 갈현동 397 연신내역,서울특별시 은평구 갈현동 3,N,3,3,1,,1,,6,1,2, 서울교통공사 ,02-6110-3211,05:00~24:00,"대합실 B1층 6,7번출구방향",외부,37.618812,126.918653, 서울교통공사 , 역사 내 화장실 , 수세식 ,Y,Y,N,Y,N,Y,2017,2023-08-14
203, 공중화장실 ,6, 구산 ,서울특별시 은평구 구산동 1 구산역,서울특별시 은평구 구산동 1,N,2,3,1,,1,,6,1,1, 서울교통공사 ,02-6311-6151,05:00~24:00,대합실 B1층 4번출구 맞은편,외부,37.611025,126.915399, 서울교통공사 , 역사 내 화장실 , 수세식 ,Y,Y,N,Y,N,Y,2018,2023-08-14
204, 공중화장실 ,6, 새절 ,서울특별시 은평구 신사동 337-5 새절역,서울특별시 은평구 신사동 3,N,2,4,1,,1,,6,1,1, 서울교통공사 ,02-6311-6161,05:00~24:00,대합실 1층 2번 출구 옆,외부,37.591014,126.911393, 서울교통공사 , 역사 내 화장실 , 수세식 ,Y,Y,Y,N,Y,N,2020,2023-08-14
205, 공중화장실 ,6, 증산 ,서울특별시 은평구 증산동 199-8 증산역,서울특별시 은평구 증산동 1,N,4,8,1,,,,12,1,, 서울교통공사 ,02-6311-6171,05:00~24:00,대합실 1층 1번출구 옆,외부,37.583933,126.907497, 서울교통공사 , 역사 내 화장실 , 수세식 ,Y,Y,Y,N,Y,N,2008이전,2023-08-14
206, 공중화장실 ,6,디지털미디어시티(6),서울특별시 은평구 수색동 37-36 디지털미디어시티역,서울특별시 은평구 수색동 3,N,5,13,1,,,,10,1,, 서울교통공사 ,02-6311-6181,05:00~24:00,대합실 지하1층 4번출구 옆,외부,37.577964,126.898232, 서울교통공사 , 역사 내 화장실 , 수세식 ,Y,Y,N,Y,Y,N,2008이전,2023-08-14
207, 공중화장실 ,6,디지털미디어시티(6),서울특별시 은평구 수색동 37-36 디지털미디어시티역,서울특별시 은평구 수색동 3,N,2,4,1,,1,,6,1,1, 서울교통공사 ,02-6311-6181,05:00~24:00,"대합실 지하1층 2,3번출구 옆",내부,37.577964,126.898232, 서울교통공사 , 역사 내 화장실 , 수세식 ,Y,Y,N,Y,N,Y,2019,2023-08-14
208, 공중화장실 ,6, 월드컵경기장 ,서울특별시 마포구 성산동 420 월드컵경기장역,서울특별시 마포구 성산동 4,N,5,8,1,,,,8,1,, 서울교통공사 ,02-6311-6191,05:00~24:00,대합실 (B2 2번출구방향 게이트옆),외부,37.569656,126.896869, 서울교통공사 , 역사 내 화장실 , 수세식 ,Y,Y,Y,N,Y,N,2008이전,2023-08-14
209, 공중화장실 ,6, 월드컵경기장 ,서울특별시 마포구 성산동 420 월드컵경기장역,서울특별시 마포구 성산동 4,N,4,9,1,,,,7,1,, 서울교통공사 ,02-6311-6191,05:00~24:00,대합실 (B1 1번출구방향 게이트안쪽),내부,37.569656,126.896869, 서울교통공사 , 역사 내 화장실 , 수세식 ,Y,Y,Y,N,Y,N,2008이전,2023-08-14
210, 공중화장실 ,6, 마포구청 ,서울특별시 마포구 성산동 592 마포구청역,서울특별시 마포구 성산동 5,N,4,4,1,,1,,8,1,1, 서울교통공사 ,02-6311-6201,05:00~24:00,가대합실 지하2층,외부,37.563418,126.901283, 서울교통공사 , 역사 내 화장실 , 수세식 ,Y,Y,Y,N,Y,N,2020,2023-08-14
211, 공중화장실 ,6, 마포구청 ,서울특별시 마포구 성산동 592 마포구청역,서울특별시 마포구 성산동 5,N,3,4,1,,1,,7,1,1, 서울교통공사 ,02-6311-6201,05:00~24:00,나대합실 지하1층 편의점옆,외부,37.563418,126.901283, 서울교통공사 , 역사 내 화장실 , 수세식 ,Y,Y,N,Y,N,Y,2019,2023-08-14
212, 공중화장실 ,6, 망원 ,서울특별시 마포구 망원동 378 망원역,서울특별시 마포구 망원동 3,N,2,3,1,,1,,6,1,1, 서울교통공사 ,02-6311-6211,05:00~24:00,B1 대합실 1번출구 옆,외부,37.555757,126.907718, 서울교통공사 , 역사 내 화장실 , 수세식 ,Y,Y,N,Y,N,Y,2017,2023-08-14
213, 공중화장실 ,6,합정(6),서울특별시 마포구 합정동 414 합정역(6호선),서울특별시 마포구 합정동 4,N,2,4,1,,,,6,1,, 서울교통공사 ,02-6311-6221,05:00~24:00,대합실 1층 8번출구 앞,외부,37.549575,126.911802, 서울교통공사 , 역사 내 화장실 , 수세식 ,Y,Y,N,Y,N,Y,2020,2023-08-14
214, 공중화장실 ,6, 상수 ,서울특별시 마포구 상수동 309-10 상수역,서울특별시 마포구 상수동 3,N,2,5,1,,,,7,1,, 서울교통공사 ,02-6311-6231,05:00~24:00,B2 대합실 상가 미샤 옆,외부,37.547703,126.920759, 서울교통공사 , 역사 내 화장실 , 수세식 ,Y,Y,N,Y,N,Y,2022,2023-08-14
215, 공중화장실 ,6, 광흥창 ,서울특별시 마포구 창전동 145-17 광흥창역,서울특별시 마포구 창전동 1,N,4,4,1,,1,,8,1,1, 서울교통공사 ,02-6311-6241,05:00~24:00,대합실 2층 (1256번출구방향),외부,37.547478,126.929666, 서울교통공사 , 역사 내 화장실 , 수세식 ,Y,Y,N,Y,N,Y,2017,2023-08-14
216, 공중화장실 ,6, 대흥 ,서울특별시 마포구 대흥동 128-1 대흥역,서울특별시 마포구 대흥동 1,N,4,3,1,,1,,7,1,1, 서울교통공사 ,02-6311-6251,05:00~24:00,대합실 1층 4번출구 앞,외부,37.547674,126.940143, 서울교통공사 , 역사 내 화장실 , 수세식 ,Y,Y,N,Y,N,Y,2018,2023-08-14
217, 공중화장실 ,6,공덕(6),"서울특별시 마포구 공덕동 423-29 공덕역(5, 6호선)",서울특별시 마포구 공덕동 4,N,3,4,1,,1,,7,1,1, 서울교통공사 ,02-6311-5291,05:00~24:00,대합실 1층 7번출구 앞,외부,37.54322,126.949387, 서울교통공사 , 역사 내 화장실 , 수세식 ,Y,Y,N,Y,N,Y,2019,2023-08-14
218, 공중화장실 ,6, 효창공원앞 ,서울특별시 용산구 효창동 80 효창공원앞역,서울특별시 용산구 효창동 8,N,3,5,1,,,,8,1,, 서울교통공사 ,02-6311-6271,05:00~24:00,"대합실 1층 3,6번 출구 앞",외부,37.539289,126.95915, 서울교통공사 , 역사 내 화장실 , 수세식 ,Y,Y,Y,N,Y,N,2008이전,2023-08-14
219, 공중화장실 ,6,삼각지(6),서울특별시 용산구 한강로1가 228-1 삼각지역(6호선),서울특별시 용산구 한강로1가,N,3,3,1,,1,,7,1,1, 서울교통공사 ,02-6311-6281,05:00~24:00,"대합실 1층 7,8번 출구 측면",외부,37.53563,126.974797, 서울교통공사 , 역사 내 화장실 , 수세식 ,Y,Y,N,Y,N,Y,2018,2023-08-14
220, 공중화장실 ,6, 녹사평 ,서울특별시 용산구 용산동 4가 4 녹사평역,서울특별시 용산구 용산동 4,N,3,7,1,,,,9,1,, 서울교통공사 ,02-6311-6292,05:00~24:00,"대합실 지하1층 1,2번 출구 진입 방향",외부,37.534945,126.983163, 서울교통공사 , 역사 내 화장실 , 수세식 ,Y,Y,N,Y,Y,N,2008이전,2023-08-14
221, 공중화장실 ,6, 이태원 ,서울특별시 용산구 이태원동 119-23 이태원역, 서울특별시 용산구 이태원동  ,N,3,5,1,,,,5,1,, 서울교통공사 ,02-6311-6301,05:00~24:00,B1 대합실 E/S 옆,외부,37.534533,126.99239, 서울교통공사 , 역사 내 화장실 , 수세식 ,Y,Y,N,Y,Y,N,2010,2023-08-14
222, 공중화장실 ,6, 한강진 ,서울특별시 용산구 한남동 726-494 한강진역,서울특별시 용산구 한남동 7,N,3,6,1,,,,10,1,, 서울교통공사 ,02-6311-6311,05:00~24:00,대합실 B1층 임대상가(gs25)옆,내부,37.539518,126.999547, 서울교통공사 , 역사 내 화장실 , 수세식 ,Y,Y,N,Y,N,Y,2022,2023-08-14
223, 공중화장실 ,6, 버티고개 ,서울특별시 중구 신당동 366-454 버티고개역,서울특별시 중구 신당동 36,N,2,3,1,,1,,5,1,1, 서울교통공사 ,02-6311-6321,05:00~24:00,대합실 1층 1번출구 앞,외부,37.547892,127.004934, 서울교통공사 , 역사 내 화장실 , 수세식 ,Y,Y,N,Y,N,Y,2018,2023-08-14
224, 공중화장실 ,6,약수(6),서울특별시 중구 신당동 369-2 약수역(6호선),서울특별시 중구 신당동 36,N,2,3,1,,,,6,1,, 서울교통공사 ,02-6311-6331,05:00~24:00,"대합실 B1 7,8번 출구앞",외부,37.553465,127.009158, 서울교통공사 , 역사 내 화장실 , 수세식 ,Y,Y,N,Y,N,Y,2018,2023-08-14
225, 공중화장실 ,6,청구(6),"서울특별시 중구 신당동 295-2 청구역(5, 6호선)",서울특별시 중구 신당동 29,N,4,4,1,,,,8,1,, 서울교통공사 ,02-6311-5371,05:00~24:00,B1 대합실 1번출구 나가는 방향 맞은편 위치,외부,37.557424,127.009814, 서울교통공사 , 역사 내 화장실 , 수세식 ,Y,Y,N,Y,N,Y,2022,2023-08-14
226, 공중화장실 ,6,신당(6),서울특별시 중구 흥인동 162-1 신당역(6호선),서울특별시 중구 흥인동 16,N,3,3,1,,1,,6,1,1, 서울교통공사 ,02-6311-6351,05:00~24:00,대합실 B1층 5~8번출구 나가는 방향 계단 하부,외부,37.565671,127.017279, 서울교통공사 , 역사 내 화장실 , 수세식 ,Y,Y,N,Y,N,Y,2016,2023-08-14
227, 공중화장실 ,6,동묘앞(6),서울특별시 종로구 창신동 263-2 동묘앞역(6호선),서울특별시 종로구 창신동 2,N,2,3,1,,1,,5,1,1, 서울교통공사 ,02-6311-6361,05:00~24:00,대합실 1층 7번출구 앞,외부,37.572729,127.013819, 서울교통공사 , 역사 내 화장실 , 수세식 ,Y,Y,Y,N,Y,N,2020,2023-08-14
228, 공중화장실 ,6, 창신 ,서울특별시 종로구 창신동 20-8 창신역,서울특별시 종로구 창신동 2,N,3,5,1,,,,6,1,, 서울교통공사 ,02-6311-6371,05:00~24:00,대합실 1층 E/V1호기 뒷편,내부,37.579361,127.013092, 서울교통공사 , 역사 내 화장실 , 수세식 ,Y,Y,Y,N,Y,N,2008이전,2023-08-14
229, 공중화장실 ,6,보문(6),서울특별시 성북구 보문동 1가 127-1 보문역,서울특별시 성북구 보문동 1,N,4,9,1,,,,11,1,, 서울교통공사 ,02-6311-6381,05:00~24:00,지하2층 대합실 아이센터 옆,외부,37.58533,127.017202, 서울교통공사 , 역사 내 화장실 , 수세식 ,Y,Y,Y,N,N,Y,2008이전,2023-08-14
230, 공중화장실 ,6, 안암 ,서울특별시 성북구 안암동5가 146-1 안암역,서울특별시 성북구 안암동5가,N,2,4,,,,,6,,, 서울교통공사 ,02-6311-6391,05:00~24:00,"대합실 B1층 3,4번출구 계단 인근",외부,37.587422,127.029258, 서울교통공사 , 역사 내 화장실 , 수세식 ,Y,Y,Y,N,Y,N,2008이전,2023-08-14
231, 공중화장실 ,6, 안암 ,서울특별시 성북구 안암동5가 146-1 안암역,서울특별시 성북구 안암동5가,N,3,4,1,,,,8,1,, 서울교통공사 ,02-6311-6391,05:00~24:00,대합실 B2층 봉화산방면 승강장 계단 인근,내부,37.587422,127.029258, 서울교통공사 , 역사 내 화장실 , 수세식 ,Y,Y,N,Y,N,Y,2019,2023-08-14
232, 공중화장실 ,6, 고려대 ,서울특별시 성북구 종암동 29-18 고려대역,서울특별시 성북구 종암동 2,N,4,3,1,,1,,7,1,1, 서울교통공사 ,02-6311-6401,05:00~24:00,지하 1층 대합실(게이트 안),내부,37.590401,127.03367, 서울교통공사 , 역사 내 화장실 , 수세식 ,Y,Y,N,Y,N,Y,2017,2023-08-14
233, 공중화장실 ,6, 월곡 ,서울특별시 성북구 하월곡동 35-1 월곡역, 서울특별시 성북구 하월곡동  ,N,3,8,1,,,,7,1,, 서울교통공사 ,02-6311-6411,05:00~24:00,지하 1층,외부,37.601925,127.039341, 서울교통공사 , 역사 내 화장실 , 수세식 ,Y,Y,Y,N,N,Y,2008이전,2023-08-14
234, 공중화장실 ,6, 상월곡 ,서울특별시 성북구 상월곡동 26-1 상월곡역, 서울특별시 성북구 상월곡동  ,N,4,6,1,,,,8,1,, 서울교통공사 ,02-6311-6421,05:00~24:00,"지하 2층 대합실(1, 4번출구방면)",외부,37.6066,127.046673, 서울교통공사 , 역사 내 화장실 , 수세식 ,Y,Y,Y,N,N,Y,2008이전,2023-08-14
235, 공중화장실 ,6, 돌곶이 ,서울특별시 성북구 석관동 349-8 돌곶이역,서울특별시 성북구 석관동 3,N,4,5,1,,1,,9,1,1, 서울교통공사 ,02-6311-6431,05:00~24:00,"지하 1층 대합실(6,7번출구 사이)",외부,37.610493,127.054214, 서울교통공사 , 역사 내 화장실 , 수세식 ,Y,Y,N,Y,N,Y,2019,2023-08-14
236, 공중화장실 ,6,석계(6),서울특별시 노원구 월계동 25-2 석계역,서울특별시 노원구 월계동 2,N,3,4,1,,,,7,1,1, 서울교통공사 ,02-6311-6441,05:00~24:00,지하 1층 대합실(7번출구 앞),외부,37.615233,127.064155, 서울교통공사 , 역사 내 화장실 , 수세식 ,Y,Y,Y,N,N,Y,2008이전,2023-08-14
237, 공중화장실 ,6,석계(6),서울특별시 노원구 월계동 25-2 석계역,서울특별시 노원구 월계동 2,N,2,4,1,1,,,5,1,, 서울교통공사 ,02-6311-6441,05:00~24:00,지하 2층 대합실(환승통로),내부,37.615233,127.064155, 서울교통공사 , 역사 내 화장실 , 수세식 ,Y,Y,Y,N,N,Y,2008이전,2023-08-14
238, 공중화장실 ,6,태릉입구(6),"서울특별시 노원구 공릉동 616-4 태릉입구역(6, 7호선)",서울특별시 노원구 공릉동 6,N,4,5,1,1,,,6,1,1, 서울교통공사 ,02-6311-7171,05:00~24:00,대합실 지하1층 아이센터 옆,외부,37.62187,127.086099, 서울교통공사 , 역사 내 화장실 , 수세식 ,Y,Y,Y,N,N,Y,2008이전,2023-08-14
239, 공중화장실 ,6, 화랑대 ,서울특별시 노원구 공릉동 285-2 화랑대역,서울특별시 노원구 공릉동 2,N,4,10,1,1,1,,13,1,1, 서울교통공사 ,02-6311-6461,05:00~24:00,지하 1층 대합실(게이트 밖),외부,37.621869,127.079533, 서울교통공사 , 역사 내 화장실 , 수세식 ,Y,Y,Y,N,Y,N,2008이전,2023-08-14
240, 공중화장실 ,6, 봉화산 ,서울특별시 중랑구 신내동 643-1 봉화산역,서울특별시 중랑구 신내동 6,N,3,3,1,,,,6,1,, 서울교통공사 ,02-6311-6471,05:00~24:00,지하 1층 대합실(고객상담실 옆),외부,37.699655,127.050087, 서울교통공사 , 역사 내 화장실 , 수세식 ,Y,Y,N,Y,N,Y,2022,2023-08-14
241, 공중화장실 ,7, 장암 ,경기도 의정부시 장암동 160-8 장암역,경기도 의정부시 장암동 16,N,2,3,1,,,,5,1,, 서울교통공사 ,02-6311-7091,05:00~24:00,1층 게이트 옆,외부,37.69995657,127.0528183, 서울교통공사 , 역사 내 화장실 , 수세식 ,Y,Y,Y,N,Y,N,2015,2023-08-14
242, 공중화장실 ,7,도봉산(7),서울특별시 도봉구 도봉동 38-3 도봉산역,서울특별시 도봉구 도봉동 3,N,3,3,1,,1,,6,1,1, 서울교통공사 ,02-6311-7101,05:00~24:00,지상1층 대합실 앞,외부,37.68963047,127.0464256, 서울교통공사 , 역사 내 화장실 , 수세식 ,Y,Y,Y,Y,Y,Y,2016,2023-08-14
243, 공중화장실 ,7,도봉산(7),서울특별시 도봉구 도봉동 38-3 도봉산역,서울특별시 도봉구 도봉동 3,N,3,7,1,,1,,10,1,1, 서울교통공사 ,02-6311-7101,05:00~24:00,지상1층 환승통로,내부,37.68963047,127.0464256, 서울교통공사 , 역사 내 화장실 , 수세식 ,Y,Y,Y,N,Y,N,2014,2023-08-14
244, 공중화장실 ,7, 수락산 ,서울특별시 노원구 상계동 1132-9 수락산역,서울특별시 노원구 상계동 1,N,5,7,1,,1,,12,1,1, 서울교통공사 ,02-6311-7111,05:00~24:00,대합실 지하2층 고객상담실 앞,외부,37.665375,127.055425, 서울교통공사 , 역사 내 화장실 , 수세식 ,Y,Y,N,Y,N,Y,2009,2023-08-14
245, 공중화장실 ,7, 마들 ,서울특별시 노원구 상계동 650 마들역,서울특별시 노원구 상계동 6,N,6,7,1,,,,13,1,, 서울교통공사 ,02-6311-7121,05:00~24:00,대합실 B2 에스컬레이터 앞,외부,37.654527,127.058362, 서울교통공사 , 역사 내 화장실 , 수세식 ,Y,Y,N,Y,N,Y,2014,2023-08-14
246, 공중화장실 ,7,노원(7),서울특별시 노원구 상계동 729-0 노원역(7호선),서울특별시 노원구 상계동 7,N,3,4,1,,,,7,1,, 서울교통공사 ,02-6311-7131,05:00~24:00,"지하2층대합실, 가아이센터앞",외부,37.645494,127.061718, 서울교통공사 , 역사 내 화장실 , 수세식 ,Y,Y,N,Y,Y,N,2008이전,2023-08-14
247, 공중화장실 ,7, 중계 ,서울특별시 노원구 중계동 503-3 중계역,서울특별시 노원구 중계동 5,N,5,6,1,,1,,11,1,1, 서울교통공사 ,02-6311-7141,05:00~24:00,지하1층 1번출구 옆,외부,37.63595,127.066024, 서울교통공사 , 역사 내 화장실 , 수세식 ,Y,Y,N,Y,N,Y,2014,2023-08-14
248, 공중화장실 ,7, 하계 ,서울특별시 노원구 하계동 273-5 하계역,서울특별시 노원구 하계동 2,N,4,6,1,,,,11,1,, 서울교통공사 ,02-6311-7151,05:00~24:00,지하1층 4번출구,외부,37.625787,127.070705, 서울교통공사 , 역사 내 화장실 , 수세식 ,Y,Y,N,Y,N,Y,2009,2023-08-14
249, 공중화장실 ,7, 공릉 ,서울특별시 노원구 공릉동 385-4 공릉역,서울특별시 노원구 공릉동 3,N,3,3,1,1,1,,6,1,1, 서울교통공사 ,02-6311-7161,05:00~24:00,지하1층 아이센터 앞,외부,37.62554276,127.0730336, 서울교통공사 , 역사 내 화장실 , 수세식 ,Y,Y,N,Y,N,Y,2010,2023-08-14
250, 공중화장실 ,7,태릉입구(7),"서울특별시 노원구 공릉동 616-4 태릉입구역(6, 7호선)",서울특별시 노원구 공릉동 6,N,3,4,1,,1,,8,1,1, 서울교통공사 ,02-6311-7171,05:00~24:00,대합실 지하3층 고객상담실 앞,외부,37.61845951,127.0754053, 서울교통공사 , 역사 내 화장실 , 수세식 ,Y,Y,N,Y,N,Y,2013,2023-08-14
251, 공중화장실 ,7, 먹골 ,서울특별시 중랑구 묵동 189-5 먹골역,서울특별시 중랑구 묵동 18,N,4,5,1,,1,,10,1,1, 서울교통공사 ,02-6311-7181,05:00~24:00,B1층 대합실,외부,37.61078,127.075518, 서울교통공사 , 역사 내 화장실 , 수세식 ,Y,Y,N,Y,N,Y,2014,2023-08-14
252, 공중화장실 ,7, 중화 ,서울특별시 중랑구 중화동 50-3 중화역,서울특별시 중랑구 중화동 5,N,3,4,1,,1,,8,1,1, 서울교통공사 ,02-6311-7191,05:00~24:00,B1층  2번출구 방향,외부,37.602572,127.077096, 서울교통공사 , 역사 내 화장실 , 수세식 ,Y,Y,N,Y,N,Y,2009,2023-08-14
253, 공중화장실 ,7,상봉(7),서울특별시 중랑구 상봉동 160-7 상봉역,서울특별시 중랑구 상봉동 1,N,5,8,1,,1,,14,1,1, 서울교통공사 ,02-6311-7201,05:00~24:00,"B1층  1,2,5,6번출구앞",내부,37.595254,127.083664, 서울교통공사 , 역사 내 화장실 , 수세식 ,Y,Y,N,Y,N,Y,2009,2023-08-14
254, 공중화장실 ,7, 면목 ,서울특별시 중랑구 면목동 282-6 면목역,서울특별시 중랑구 면목동 2,N,5,6,1,,1,,12,1,1, 서울교통공사 ,02-6311-7211,05:00~24:00,B1층 아이센터 앞,외부,37.588745,127.085305, 서울교통공사 , 역사 내 화장실 , 수세식 ,Y,Y,N,Y,N,Y,2009,2023-08-14
255, 공중화장실 ,7, 사가정 ,서울특별시 중랑구 면목동 495 사가정역,서울특별시 중랑구 면목동 4,N,2,5,1,,,,7,1,, 서울교통공사 ,02-6311-7221,05:00~24:00,B1층  1번출구 앞,외부,37.580966,127.086314, 서울교통공사 , 역사 내 화장실 , 수세식 ,Y,Y,N,Y,N,Y,2009,2023-08-14
256, 공중화장실 ,7, 용마산 ,서울특별시 중랑구 면목동 1382-13 용마산역,서울특별시 중랑구 면목동 1,N,4,5,1,,1,,9,1,1, 서울교통공사 ,02-6311-7231,05:00~24:00,B1층  1번출구 앞,외부,37.573793,127.084629, 서울교통공사 , 역사 내 화장실 , 수세식 ,Y,Y,N,Y,N,Y,2015,2023-08-14
257, 공중화장실 ,7, 중곡 ,서울특별시 광진구 중곡동 273-2 중곡역,서울특별시 광진구 중곡동 2,N,4,4,1,,1,,8,1,1, 서울교통공사 ,02-6311-7241,05:00~24:00,B2층  게이트 앞,외부,37.565535,127.081897, 서울교통공사 , 역사 내 화장실 , 수세식 ,Y,Y,N,Y,N,Y,2012,2023-08-14
258, 공중화장실 ,7, 어린이대공원 ,서울특별시 광진구 화양동 164-1 어린이대공원역,서울특별시 광진구 화양동 1,N,4,7,1,,2,,11,1,2, 서울교통공사 ,02-6311-7261,05:00~24:00,B2층  아이센터 옆,외부,37.547905,127.072404, 서울교통공사 , 역사 내 화장실 , 수세식 ,Y,Y,N,Y,N,Y,2009,2023-08-14
259, 공중화장실 ,7,건대입구(7),서울특별시 광진구 화양동 6-3 건대입구역(7호선),서울특별시 광진구 화양동 6,N,5,7,1,,1,,12,1,1, 서울교통공사 ,02-6311-7271,05:00~24:00,B2층 게이트 옆,내부,37.540389,127.067047, 서울교통공사 , 역사 내 화장실 , 수세식 ,Y,Y,N,Y,N,Y,2013,2023-08-14
260, 공중화장실 ,7, 뚝섬유원지 ,서울특별시 광진구 자양동 73-2 뚝섬유원지역,서울특별시 광진구 자양동 7,N,3,7,1,,,,6,1,, 서울교통공사 ,02-6311-7281,05:00~24:00,지상2층 대합실,내부,37.531537,127.064502, 서울교통공사 , 역사 내 화장실 , 수세식 ,Y,Y,Y,N,Y,N,2008이전,2023-08-14
261, 공중화장실 ,7, 청담 ,서울특별시 강남구 청담동 77-76 청담역,서울특별시 강남구 청담동 7,N,4,12,1,,,,14,1,, 서울교통공사 ,02-6311-7291,05:00~24:00,B3 대합실 나 I센터 옆,외부,37.51912,127.049748, 서울교통공사 , 역사 내 화장실 , 수세식 ,Y,Y,Y,N,N,Y,2008이전,2023-08-14
262, 공중화장실 ,7, 강남구청 ,서울특별시 강남구 삼성동 111-44 강남구청역,서울특별시 강남구 삼성동 1,N,3,5,1,,,,5,1,, 서울교통공사 ,02-6311-7301,05:00~24:00,B1층 대합실 가아이센터 맞은편,외부,37.517473,127.03898, 서울교통공사 , 역사 내 화장실 , 수세식 ,Y,Y,N,Y,N,Y,2008이전,2023-08-14
263, 공중화장실 ,7, 학동 ,서울특별시 강남구 논현동 279-67 학동역,서울특별시 강남구 논현동 2,N,3,6,1,,,,8,1,, 서울교통공사 ,02-6311-7311,05:00~24:00,"B2 1,2번 출구 계단 옆",외부,37.515323,127.027744, 서울교통공사 , 역사 내 화장실 , 수세식 ,Y,Y,N,Y,N,Y,2008이전,2023-08-14
264, 공중화장실 ,7, 논현 ,서울특별시 강남구 논현동 280 논현역,서울특별시 강남구 논현동 2,N,4,11,1,,,,14,1,, 서울교통공사 ,02-6311-7321,05:00~24:00,"대합실 1층 7,8번 출구 근처",외부,37.511206,127.019539, 서울교통공사 , 역사 내 화장실 , 수세식 ,Y,Y,N,Y,N,Y,2008이전,2023-08-14
265, 공중화장실 ,7, 논현 ,서울특별시 강남구 논현동 280 논현역,서울특별시 강남구 논현동 2,N,1,  -  ,1,,,,1,1,, 서울교통공사 ,02-6311-7321,05:00~24:00,대합실 2층 왓슨스 매장 뒤편,외부,37.511206,127.019539, 서울교통공사 , 역사 내 화장실 , 수세식 ,Y,Y,N,Y,N,Y,2016,2023-08-14
266, 공중화장실 ,7, 반포 ,서울특별시 서초구 잠원동 103 반포역,서울특별시 서초구 잠원동 1,N,3,7,1,,,,9,1,, 서울교통공사 ,02-6311-7331,05:00~24:00,대합실 지하2층 계단 옆,외부,37.508213,127.009658, 서울교통공사 , 역사 내 화장실 , 수세식 ,Y,Y,Y,N,N,Y,2008이전,2023-08-14
267, 공중화장실 ,7,고속터미널(7),서울특별시 서초구 반포동 19-11 고속터미널역(7호선),서울특별시 서초구 반포동 1,N,2,3,1,,,,6,1,, 서울교통공사 ,02-6311-7341,05:00~24:00,대합실 1층 3번출구 왼쪽,외부,37.504914,127.002726, 서울교통공사 , 역사 내 화장실 , 수세식 ,Y,Y,N,Y,N,Y,2019,2023-08-14
268, 공중화장실 ,7, 내방 ,서울특별시 서초구 방배동 874-16 내방역,서울특별시 서초구 방배동 8,N,3,6,1,,1,,9,1,, 서울교통공사 ,02-6311-7351,05:00~24:00,대합실 지하1층 5~8번출구방면,외부,37.487707,126.991409, 서울교통공사 , 역사 내 화장실 , 수세식 ,Y,Y,Y,N,N,Y,2020,2023-08-14
269, 공중화장실 ,7,이수(7),서울특별시 동작구 사당동 144-4 이수역,서울특별시 동작구 사당동 1,N,3,6,1,,,,6,1,, 서울교통공사 ,02-6311-7361,05:00~24:00,지하1층 연결통로,외부,37.485936,126.979819, 서울교통공사 , 역사 내 화장실 , 수세식 ,Y,Y,Y,N,Y,N,2008이전,2023-08-14
270, 공중화장실 ,7,이수(7),서울특별시 동작구 사당동 144-4 이수역,서울특별시 동작구 사당동 1,N,3,6,1,,,,7,1,, 서울교통공사 ,02-6311-7361,05:00~24:00,지하3층 (가)게이트안쪽 상선 내부계단 옆,내부,37.485936,126.979819, 서울교통공사 , 역사 내 화장실 , 수세식 ,Y,Y,N,Y,N,Y,2008이전,2023-08-14
271, 공중화장실 ,7, 남성 ,서울특별시 동작구 사당동 산 25-33 남성역, 서울특별시 동작구 사당동 산 ,N,3,5,1,,1,,8,1,1, 서울교통공사 ,02-6311-7371,05:00~24:00, 대합실 상선 내부계단 옆 ,내부,37.484876,126.968484, 서울교통공사 , 역사 내 화장실 , 수세식 ,Y,Y,N,Y,N,Y,2021,2023-08-14
272, 공중화장실 ,7, 숭실대입구 ,서울특별시 동작구 상도동 514 숭실대입구역,서울특별시 동작구 상도동 5,N,4,6,1,,1,,10,1,, 서울교통공사 ,02-6311-7381,05:00~24:00,대합실2층,외부,37.496374,126.951315, 서울교통공사 , 역사 내 화장실 , 수세식 ,Y,Y,N,Y,N,Y,2021,2023-08-14
273, 공중화장실 ,7, 상도 ,서울특별시 동작구 상도1동 702-1 상도역,서울특별시 동작구 상도1동,N,2,4,1,,1,,6,1,1, 서울교통공사 ,02-6311-7391,05:00~24:00,지하 2층 대합실 계단좌측,외부,37.503072,126.945564, 서울교통공사 , 역사 내 화장실 , 수세식 ,Y,Y,N,Y,N,Y,2020,2023-08-14
274, 공중화장실 ,7, 장승배기 ,서울특별시 동작구 상도동 26-20 장승배기역,서울특별시 동작구 상도동 2,N,4,4,1,,1,,8,1,1, 서울교통공사 ,02-6311-7401,05:00~24:00,"지하2층 대합실 5,6번 출구방향 내부계단 옆",외부,37.504905,126.937002, 서울교통공사 , 역사 내 화장실 , 수세식 ,Y,Y,N,Y,N,Y,2021,2023-08-14
275, 공중화장실 ,7, 신대방삼거리 ,서울특별시 동작구 대방동 406-10 신대방삼거리역,서울특별시 동작구 대방동 4,N,2,4,1,,1,,6,1,1, 서울교통공사 ,02-6311-7411,05:00~24:00,대합실 2층,외부,37.487519,126.911093, 서울교통공사 , 역사 내 화장실 , 수세식 ,Y,Y,Y,N,Y,N,2020,2023-08-14
276, 공중화장실 ,7, 보라매 ,서울특별시 동작구 대방동 466-51 보라매역,서울특별시 동작구 대방동 4,N,3,7,1,,,1,10,1,1, 서울교통공사 ,02-6311-7421,05:00~24:00,대합실 1층 3번출구 방향,외부,37.499929,126.918093, 서울교통공사 , 역사 내 화장실 , 수세식 ,Y,Y,Y,N,Y,N,2008이전,2023-08-14
277, 공중화장실 ,7, 신풍 ,서울특별시 영등포구 신길동 3599 신풍역, 서울특별시 영등포구 신길동  ,N,3,5,1,,,,5,1,, 서울교통공사 ,02-6311-7431,05:00~24:00,대합실 1층 5번출구방향,외부,37.50013,126.90678, 서울교통공사 , 역사 내 화장실 , 수세식 ,Y,Y,Y,N,Y,N,2008이전,2023-08-14
278, 공중화장실 ,7,대림(7),서울특별시 구로구 대림동 1050-17 대림역(7호선),서울특별시 구로구 대림동 1,N,3,5,1,,1,,8,1,1, 서울교통공사 ,02-6311-7441,05:00~24:00,대합실 1층,외부,37.492981,126.893984, 서울교통공사 , 역사 내 화장실 , 수세식 ,Y,Y,N,Y,N,Y,2021,2023-08-14
279, 공중화장실 ,7, 남구로 ,서울특별시 구로구 구로동 801-95 남구로역,서울특별시 구로구 구로동 8,N,4,4,1,,,,8,1,, 서울교통공사 ,02-6311-7451,05:00~24:00,"대합실 1층 2~5번출구 방향(E/S 7,8호기 옆)",외부,37.486051,126.885062, 서울교통공사 , 역사 내 화장실 , 수세식 ,Y,Y,Y,N,Y,N,2008이전,2023-08-14
280, 공중화장실 ,7,가산디지털단지(7),서울특별시 금천구 가산동 54-3 가산디지털단지역,서울특별시 금천구 가산동 5,N,4,5,1,,1,,9,1,1, 서울교통공사 ,02-6311-7461,05:00~24:00,대합실 1층 4번출구 방향,외부,37.48039597,126.8826618, 서울교통공사 , 역사 내 화장실 , 수세식 ,Y,Y,N,Y,N,Y,2019,2023-08-14
281, 공중화장실 ,7, 철산 ,경기도 광명시 철산동 526 철산역,경기도 광명시 철산동 526,N,3,5,1,,1,,8,1,1, 서울교통공사 ,02-6311-7471,05:00~24:00,대합실 1층 3번 출구 방향,외부,37.47619284,126.868211, 서울교통공사 , 역사 내 화장실 , 수세식 ,Y,Y,N,Y,N,Y,2019,2023-08-14
282, 공중화장실 ,7, 광명사거리 ,경기도 광명시 광명동 158-211 광명사거리역,경기도 광명시 광명동 158,N,3,6,1,,,,9,1,, 서울교통공사 ,02-6311-7481,05:00~24:00,대합실 2층 연결통로( 가-ⓘ센터와 나-ⓘ센터 중간지점),외부,37.479307,126.852486, 서울교통공사 , 역사 내 화장실 , 수세식 ,Y,Y,Y,N,Y,N,2008이전,2023-08-14
283, 공중화장실 ,7, 천왕 ,서울특별시 구로구 오류동 174-6 천왕역,서울특별시 구로구 오류동 1,N,2,3,1,,,,6,1,, 서울교통공사 ,02-6311-7491,05:00~24:00,대합실 1층 2번 출구 방향,외부,37.486686,126.836492, 서울교통공사 , 역사 내 화장실 , 수세식 ,Y,Y,Y,N,Y,N,2018,2023-08-14
284, 공중화장실 ,7,온수(7),서울특별시 구로구 온수동 53-1 온수역(7호선),서울특별시 구로구 온수동 5,N,3,3,1,,1,,6,1,1, 서울교통공사 ,02-6311-7551,05:00~24:00,대합실 1층 4번출구 방향,외부,37.492151,126.821446, 서울교통공사 , 역사 내 화장실 , 수세식 ,Y,Y,N,Y,N,Y,2021,2023-08-14
285, 공중화장실 ,8, 암사 ,서울특별시 강동구 암사동 501 암사역,서울특별시 강동구 암사동 5,N,4,3,1,,,,10,1,, 서울교통공사 ,02-6311-8101,05:00~24:00,대합실 B1층 2번 출구 방향,외부,37.550646,127.125659, 서울교통공사 , 역사 내 화장실 , 수세식 ,Y,Y,N,Y,N,Y,2022,2023-08-14
286, 공중화장실 ,8, 강동구청 ,서울특별시 강동구 성내동 319 강동구청역,서울특별시 강동구 성내동 3,N,3,4,1,,,,7,1,, 서울교통공사 ,02-6311-8121,05:00~24:00,대합실 B2층 게이트 옆,외부,37.538374,127.115484, 서울교통공사 , 역사 내 화장실 , 수세식 ,Y,Y,N,Y,N,Y,2021,2023-08-14
287, 공중화장실 ,8, 몽촌토성 ,서울특별시 송파구 신천동 19 몽촌토성역,서울특별시 송파구 신천동 1,N,3,3,1,,1,,6,1,, 서울교통공사 ,02-6311-8131,05:00~24:00,"대합실 B1층 1,2,3번 출구 방향",외부,37.517641,127.110551, 서울교통공사 , 역사 내 화장실 , 수세식 ,Y,Y,N,Y,N,Y,2010,2023-08-14
288, 공중화장실 ,8,잠실(8),서울특별시 송파구 잠실동 7-4 잠실역(8호선),서울특별시 송파구 잠실동 7,N,4,6,1,,1,,14,1,1, 서울교통공사 ,02-6311-8141,05:00~24:00,B1층 11번 출구 옆,외부,37.513152,127.101221, 서울교통공사 , 역사 내 화장실 , 수세식 ,Y,Y,N,Y,N,Y,2014,2023-08-14
289, 공중화장실 ,8, 석촌 ,서울특별시 송파구 석촌동 209 석촌역,서울특별시 송파구 석촌동 2,N,3,3,1,,,,6,1,, 서울교통공사 ,02-6311-8151,05:00~24:00,대합실 B1층 게이트 옆,외부,37.50541412,127.1070041, 서울교통공사 , 역사 내 화장실 , 수세식 ,Y,Y,N,Y,N,Y,2009,2023-08-14
290, 공중화장실 ,8, 송파 ,서울특별시 송파구 가락동 459-4 송파역,서울특별시 송파구 가락동 4,N,3,5,1,,1,,8,1,1, 서울교통공사 ,02-6311-8161,05:00~24:00,대합실 B1층 1번출구 방향,외부,37.49971495,127.1121935, 서울교통공사 , 역사 내 화장실 , 수세식 ,Y,Y,N,Y,N,Y,2015,2023-08-14
291, 공중화장실 ,8,가락시장(8),"서울특별시 송파구 가락동 184-23 가락시장역(3, 8호선)",서울특별시 송파구 가락동 1,N,5,7,1,,1,1,16,1,1, 서울교통공사 ,02-6311-8171,05:00~24:00,B1층 대합실과 가락몰 연결통로 사이,외부,37.49309925,127.1182628, 서울교통공사 , 역사 내 화장실 , 수세식 ,Y,Y,Y,N,Y,N,2015,2023-08-14
292, 공중화장실 ,8, 문정 ,서울특별시 송파구 문정동 119-4 문정역,서울특별시 송파구 문정동 1,N,3,5,1,,1,,8,1,1, 서울교통공사 ,02-6311-8181,05:00~24:00,대합실 B1층 2번출구 방향,외부,37.495002,127.103639, 서울교통공사 , 역사 내 화장실 , 수세식 ,Y,Y,N,Y,N,Y,2015,2023-08-14
293, 공중화장실 ,8, 장지 ,서울특별시 송파구 장지동 201-5 장지역,서울특별시 송파구 장지동 2,N,6,10,1,,,,17,1,1, 서울교통공사 ,02-6311-8191,05:00~24:00,"대합실 B1층 3,4번출구 방면",외부,37.482299,127.124225, 서울교통공사 , 역사 내 화장실 , 수세식 ,Y,Y,Y,N,Y,N,2009,2023-08-14
294, 공중화장실 ,8,복정(8),서울특별시 송파구 장지동 596-21 복정역,서울특별시 송파구 장지동 5,N,5,7,1,,1,,13,1,1, 서울교통공사 ,02-6311-8201,05:00~24:00,대합실 지하1층 아이센터 근처,외부,37.47074187,127.126724, 서울교통공사 , 역사 내 화장실 , 수세식 ,Y,Y,Y,N,N,Y,2015,2023-08-14
295, 공중화장실 ,8, 남위례 ,경기도 성남시 수정구 공원로 601 남위례역, 경기도 성남시 수정구 복정동 ,N,6,6,1,,1,,14,1,1, 서울교통공사 ,02-6311-8211,05:00~24:00,대합실 지상2층 주출입구 근처,외부,37.46272308,127.139351, 서울교통공사 , 역사 내 화장실 , 수세식 ,Y,Y,Y,Y,Y,Y,2021,2023-08-14
296, 공중화장실 ,8, 산성 ,경기도 성남시 수정구 신흥동 7-4 산성역, 경기도 성남시 수정구 신흥동 ,N,3,3,1,,1,,6,1,1, 서울교통공사 ,02-6311-8211,05:00~24:00,"B1층 1,2번 출구 계단 오른쪽",외부,37.470375,127.11793, 서울교통공사 , 역사 내 화장실 , 수세식 ,Y,Y,Y,N,N,Y,2013,2023-08-14
297, 공중화장실 ,8, 남한산성입구 ,경기도 성남시 수정구 단대동 96 남한산성입구역, 경기도 성남시 수정구 단대동 ,N,3,5,1,,,,8,1,, 서울교통공사 ,02-6311-8221,05:00~24:00,대합실 지하2층 에스컬레이터 근처,외부,37.451541,127.157632, 서울교통공사 , 역사 내 화장실 , 수세식 ,Y,Y,N,Y,N,Y,2009,2023-08-14
298, 공중화장실 ,8, 단대오거리 ,경기도 성남시 수정구 신흥동 2467 단대오거리역, 경기도 성남시 수정구 신흥동 ,N,3,4,1,,1,,7,1,1, 서울교통공사 ,02-6311-8231,05:00~24:00,대합실 지하1층 2호기E/V 옆,외부,37.445163,127.154033, 서울교통공사 , 역사 내 화장실 , 수세식 ,Y,Y,N,Y,N,Y,2009,2023-08-14
299, 공중화장실 ,8, 신흥 ,경기도 성남시 수정구 신흥동 2467 신흥역, 경기도 성남시 수정구 신흥동 ,N,4,5,1,,,,9,1,, 서울교통공사 ,02-6311-8241,05:00~24:00,"B1층 대합실 1,2번 출구방면",외부,37.440749,127.144161, 서울교통공사 , 역사 내 화장실 , 수세식 ,Y,Y,N,Y,N,Y,2008이전,2023-08-14
300, 공중화장실 ,8, 수진 ,경기도 성남시 수정구 수진동 2205-1 수진역, 경기도 성남시 수정구 수진동 ,N,3,5,1,,,,10,1,, 서울교통공사 ,02-6311-8251,05:00~24:00,대합실 지하1층 편의점 옆,외부,37.437611,127.138831, 서울교통공사 , 역사 내 화장실 , 수세식 ,Y,Y,Y,N,N,Y,2012,2023-08-14
301, 공중화장실 ,8,모란(8),경기도 성남시 수정구 수진동 4808 모란역, 경기도 성남시 수정구 수진동 ,N,5,5,1,,,,10,1,, 서울교통공사 ,02-6311-8261,05:00~24:00,B2층 대합실 상행 E/S 옆,외부,37.433072,127.127123, 서울교통공사 , 역사 내 화장실 , 수세식 ,Y,Y, Y ,N,N,Y,2013,2023-08-14
,,,,,,,,,,,,,,,,,,,,,,,,,,,,,,,,,
,,,,,,,,,,,,,,,,,,,,,,,,,,,,,,,,,
,,,,,,,,,,,,,,,,,,,,,,,,,,,,,,,,,
,,,,,,,,,,,,,,,,,,,,,,,,,,,,,,,,,
,,,,,,,,,,,,,,,,,,,,,,,,,,,,,,,,,
,,,,,,,,,,,,,,,,,,,,,,,,,,,,,,,,,
,,,,,,,,,,,,,,,,,,,,,,,,,,,,,,,,,
,,,,,,,,,,,,,,,,,,,,,,,,,,,,,,,,,
,,,,,,,,,,  -  ,,,,,,,,,,,,,,,,,,,,,,,
,,,,,,,,,,  -  ,,,,,,,,,,,,,,,,,,,,,,,
,,,,,,,,,,,,,,,,,,,,,,,,,,,,,,,,,
,,,,,,,,,,,,,,,,,,,,,,,,,,,,,,,,,
,,,,,,,,,,,,,,,,,,,,,,,,,,,,,,,,,
,,,,,,,,,,,,,,,,,,,,,,,,,,,,,,,,,
,,,,,,,,,,,,,,,,,,,,,,,,,,,,,,,,,
,,,,,,,,,,,,,,,,,,,,,,,,,,,,,,,,,
,,,,,,,,,,,,,,,,,,,,,,,,,,,,,,,,,
,,,,,,,,,,,,,,,,,,,,,,,,,,,,,,,,,
,,,,,,,,,,,,,,,,,,,,,,,,,,,,,,,,,
,,,,,,,,,,,,,,,,,,,,,,,,,,,,,,,,,
,,,,,,,,,,,,,,,,,,,,,,,,,,,,,,,,,
,,,,,,,,,,,,,,,,,,,,,,,,,,,,,,,,,
,,,,,,,,,,,,,,,,,,,,,,,,,,,,,,,,,
,,,,,,,,,,,,,,,,,,,,,,,,,,,,,,,,,
,,,,,,,,,,,,,,,,,,,,,,,,,,,,,,,,,
,,,,,,,,,,,,,,,,,,,,,,,,,,,,,,,,,
,,,,,,,,,,,,,,,,,,,,,,,,,,,,,,,,,
,,,,,,,,,,,,,,,,,,,,,,,,,,,,,,,,,
,,,,,,,,,,,,,,,,,,,,,,,,,,,,,,,,,
,,,,,,,,,,,,,,,,,,,,,,,,,,,,,,,,,
,,,,,,,,,,,,,,,,,,,,,,,,,,,,,,,,,
,,,,,,,,,,,,,,,,,,,,,,,,,,,,,,,,,
,,,,,,,,,,,,,,,,,,,,,,,,,,,,,,,,,
,,,,,,,,,,,,,,,,,,,,,,,,,,,,,,,,,
,,,,,,,,,,,,,,,,,,,,,,,,,,,,,,,,,
,,,,,,,,,,,,,,,,,,,,,,,,,,,,,,,,,
,,,,,,,,,,,,,,,,,,,,,,,,,,,,,,,,,
,,,,,,,,,,1,,,,,,,,,,,,,,,,,,,,,,,
,,,,,,,,,,,,,,,,,,,,,,,,,,,,,,,,,
,,,,,,,,,,,,,,,,,,,,,,,,,,,,,,,,,
,,,,,,,,,,1,,,,,,,,,,,,,,,,,,,,,,,
,,,,,,,,,,,,,,,,,,,,,,,,,,,,,,,,,
,,,,,,,,,,  -  ,,,,,,,,,,,,,,,,,,,,,,,
,,,,,,,,,,1,,,,,,,,,,,,,,,,,,,,,,,
,,,,,,,,,,1,,,,,,,,,,,,,,,,,,,,,,,
,,,,,,,,,,1,,,,,,,,,,,,,,,,,,,,,,,
,,,,,,,,,,,,,,,,,,,,,,,,,,,,,,,,,
,,,,,,,,,,,,,,,,,,,,,,,,,,,,,,,,,
,,,,,,,,,,,,,,,,,,,,,,,,,,,,,,,,,
,,,,,,,,,,,,,,,,,,,,,,,,,,,,,,,,,
,,,,,,,,,,  -  ,,,,,,,,,,,,,,,,,,,,,,,
,,,,,,,,,,  -  ,,,,,,,,,,,,,,,,,,,,,,,
,,,,,,,,,,,,,,,,,,,,,,,,,,,,,,,,,
,,,,,,,,,,,,,,,,,,,,,,,,,,,,,,,,,
,,,,,,,,,,,,,,,,,,,,,,,,,,,,,,,,,
,,,,,,,,,,,,,,,,,,,,,,,,,,,,,,,,,
,,,,,,,,,,,,,,,,,,,,,,,,,,,,,,,,,
,,,,,,,,,,,,,,,,,,,,,,,,,,,,,,,,,
,,,,,,,,,,,,,,,,,,,,,,,,,,,,,,,,,
,,,,,,,,,,,,,,,,,,,,,,,,,,,,,,,,,
,,,,,,,,,,,,,,,,,,,,,,,,,,,,,,,,,
,,,,,,,,,,,,,,,,,,,,,,,,,,,,,,,,,
,,,,,,,,,,,,,,,,,,,,,,,,,,,,,,,,,
,,,,,,,,,,,,,,,,,,,,,,,,,,,,,,,,,
,,,,,,,,,,,,,,,,,,,,,,,,,,,,,,,,,
,,,,,,,,,,,,,,,,,,,,,,,,,,,,,,,,,
,,,,,,,,,,1,,,,,,,,,,,,,,,,,,,,,,,
,,,,,,,,,,1,,,,,,,,,,,,,,,,,,,,,,,
,,,,,,,,,,,,,,,,,,,,,,,,,,,,,,,,,
,,,,,,,,,,,,,,,,,,,,,,,,,,,,,,,,,
,,,,,,,,,,,,,,,,,,,,,,,,,,,,,,,,,
,,,,,,,,,,,,,,,,,,,,,,,,,,,,,,,,,
,,,,,,,,,,,,,,,,,,,,,,,,,,,,,,,,,
,,,,,,,,,,,,,,,,,,,,,,,,,,,,,,,,,
,,,,,,,,,,,,,,,,,,,,,,,,,,,,,,,,,
,,,,,,,,,,,,,,,,,,,,,,,,,,,,,,,,,
,,,,,,,,,,,,,,,,,,,,,,,,,,,,,,,,,
,,,,,,,,,,1,,,,,,,,,,,,,,,,,,,,,,,
,,,,,,,,,,,,,,,,,,,,,,,,,,,,,,,,,
,,,,,,,,,,,,,,,,,,,,,,,,,,,,,,,,,
,,,,,,,,,,,,,,,,,,,,,,,,,,,,,,,,,
,,,,,,,,,,,,,,,,,,,,,,,,,,,,,,,,,
,,,,,,,,,,,,,,,,,,,,,,,,,,,,,,,,,
,,,,,,,,,,,,,,,,,,,,,,,,,,,,,,,,,
,,,,,,,,,,  -  ,,,,,,,,,,,,,,,,,,,,,,,
,,,,,,,,,,1,,,,,,,,,,,,,,,,,,,,,,,
,,,,,,,,,,,,,,,,,,,,,,,,,,,,,,,,,
,,,,,,,,,,1,,,,,,,,,,,,,,,,,,,,,,,
,,,,,,,,,,,,,,,,,,,,,,,,,,,,,,,,,
,,,,,,,,,,,,,,,,,,,,,,,,,,,,,,,,,
,,,,,,,,,,,,,,,,,,,,,,,,,,,,,,,,,
,,,,,,,,,,1,,,,,,,,,,,,,,,,,,,,,,,
,,,,,,,,,,,,,,,,,,,,,,,,,,,,,,,,,
,,,,,,,,,,,,,,,,,,,,,,,,,,,,,,,,,
,,,,,,,,,,,,,,,,,,,,,,,,,,,,,,,,,
,,,,,,,,,,,,,,,,,,,,,,,,,,,,,,,,,
,,,,,,,,,,1,,,,,,,,,,,,,,,,,,,,,,,
,,,,,,,,,,,,,,,,,,,,,,,,,,,,,,,,,
,,,,,,,,,,  -  ,,,,,,,,,,,,,,,,,,,,,,,
,,,,,,,,,,,,,,,,,,,,,,,,,,,,,,,,,
,,,,,,,,,,,,,,,,,,,,,,,,,,,,,,,,,
,,,,,,,,,,,,,,,,,,,,,,,,,,,,,,,,,
,,,,,,,,,,,,,,,,,,,,,,,,,,,,,,,,,
,,,,,,,,,,  -  ,,,,,,,,,,,,,,,,,,,,,,,
,,,,,,,,,,,,,,,,,,,,,,,,,,,,,,,,,
,,,,,,,,,,,,,,,,,,,,,,,,,,,,,,,,,
,,,,,,,,,,,,,,,,,,,,,,,,,,,,,,,,,
,,,,,,,,,,,,,,,,,,,,,,,,,,,,,,,,,
,,,,,,,,,,,,,,,,,,,,,,,,,,,,,,,,,
,,,,,,,,,,,,,,,,,,,,,,,,,,,,,,,,,
,,,,,,,,,,,,,,,,,,,,,,,,,,,,,,,,,
,,,,,,,,,,,,,,,,,,,,,,,,,,,,,,,,,
,,,,,,,,,,,,,,,,,,,,,,,,,,,,,,,,,
,,,,,,,,,,,,,,,,,,,,,,,,,,,,,,,,,
,,,,,,,,,,,,,,,,,,,,,,,,,,,,,,,,,
,,,,,,,,,,,,,,,,,,,,,,,,,,,,,,,,,
,,,,,,,,,,,,,,,,,,,,,,,,,,,,,,,,,
,,,,,,,,,,,,,,,,,,,,,,,,,,,,,,,,,
,,,,,,,,,,,,,,,,,,,,,,,,,,,,,,,,,
,,,,,,,,,,,,,,,,,,,,,,,,,,,,,,,,,
,,,,,,,,,,,,,,,,,,,,,,,,,,,,,,,,,
,,,,,,,,,,,,,,,,,,,,,,,,,,,,,,,,,
,,,,,,,,,,,,,,,,,,,,,,,,,,,,,,,,,
,,,,,,,,,,  -  ,,,,,,,,,,,,,,,,,,,,,,,
,,,,,,,,,,,,,,,,,,,,,,,,,,,,,,,,,
,,,,,,,,,,,,,,,,,,,,,,,,,,,,,,,,,
,,,,,,,,,,,,,,,,,,,,,,,,,,,,,,,,,
,,,,,,,,,,,,,,,,,,,,,,,,,,,,,,,,,
,,,,,,,,,,,,,,,,,,,,,,,,,,,,,,,,,
,,,,,,,,,,,,,,,,,,,,,,,,,,,,,,,,,
,,,,,,,,,,,,,,,,,,,,,,,,,,,,,,,,,
,,,,,,,,,,,,,,,,,,,,,,,,,,,,,,,,,
,,,,,,,,,,,,,,,,,,,,,,,,,,,,,,,,,
,,,,,,,,,,,,,,,,,,,,,,,,,,,,,,,,,
,,,,,,,,,,,,,,,,,,,,,,,,,,,,,,,,,
,,,,,,,,,,,,,,,,,,,,,,,,,,,,,,,,,
,,,,,,,,,,,,,,,,,,,,,,,,,,,,,,,,,
,,,,,,,,,,,,,,,,,,,,,,,,,,,,,,,,,
,,,,,,,,,,,,,,,,,,,,,,,,,,,,,,,,,
,,,,,,,,,,,,,,,,,,,,,,,,,,,,,,,,,
,,,,,,,,,,,,,,,,,,,,,,,,,,,,,,,,,
,,,,,,,,,,1,,,,,,,,,,,,,,,,,,,,,,,
,,,,,,,,,,1,,,,,,,,,,,,,,,,,,,,,,,
,,,,,,,,,,,,,,,,,,,,,,,,,,,,,,,,,
,,,,,,,,,,,,,,,,,,,,,,,,,,,,,,,,,
,,,,,,,,,,,,,,,,,,,,,,,,,,,,,,,,,
,,,,,,,,,,,,,,,,,,,,,,,,,,,,,,,,,
,,,,,,,,,,,,,,,,,,,,,,,,,,,,,,,,,
,,,,,,,,,,,,,,,,,,,,,,,,,,,,,,,,,
,,,,,,,,,,,,,,,,,,,,,,,,,,,,,,,,,
,,,,,,,,,,,,,,,,,,,,,,,,,,,,,,,,,
,,,,,,,,,,,,,,,,,,,,,,,,,,,,,,,,,
,,,,,,,,,,,,,,,,,,,,,,,,,,,,,,,,,
,,,,,,,,,,,,,,,,,,,,,,,,,,,,,,,,,
,,,,,,,,,,,,,,,,,,,,,,,,,,,,,,,,,
,,,,,,,,,,,,,,,,,,,,,,,,,,,,,,,,,
,,,,,,,,,,,,,,,,,,,,,,,,,,,,,,,,,
,,,,,,,,,,,,,,,,,,,,,,,,,,,,,,,,,
,,,,,,,,,,,,,,,,,,,,,,,,,,,,,,,,,
,,,,,,,,,,,,,,,,,,,,,,,,,,,,,,,,,
,,,,,,,,,,,,,,,,,,,,,,,,,,,,,,,,,
,,,,,,,,,,,,,,,,,,,,,,,,,,,,,,,,,
,,,,,,,,,,,,,,,,,,,,,,,,,,,,,,,,,
,,,,,,,,,,,,,,,,,,,,,,,,,,,,,,,,,
,,,,,,,,,,,,,,,,,,,,,,,,,,,,,,,,,
,,,,,,,,,,,,,,,,,,,,,,,,,,,,,,,,,
,,,,,,,,,,,,,,,,,,,,,,,,,,,,,,,,,
,,,,,,,,,,,,,,,,,,,,,,,,,,,,,,,,,
,,,,,,,,,,,,,,,,,,,,,,,,,,,,,,,,,
,,,,,,,,,,,,,,,,,,,,,,,,,,,,,,,,,
,,,,,,,,,,,,,,,,,,,,,,,,,,,,,,,,,
,,,,,,,,,,,,,,,,,,,,,,,,,,,,,,,,,
,,,,,,,,,,,,,,,,,,,,,,,,,,,,,,,,,
,,,,,,,,,,,,,,,,,,,,,,,,,,,,,,,,,
,,,,,,,,,,,,,,,,,,,,,,,,,,,,,,,,,
,,,,,,,,,,,,,,,,,,,,,,,,,,,,,,,,,
,,,,,,,,,,,,,,,,,,,,,,,,,,,,,,,,,
,,,,,,,,,,,,,,,,,,,,,,,,,,,,,,,,,
,,,,,,,,,,,,,,,,,,,,,,,,,,,,,,,,,
,,,,,,,,,,,,,,,,,,,,,,,,,,,,,,,,,
,,,,,,,,,,,,,,,,,,,,,,,,,,,,,,,,,
,,,,,,,,,,,,,,,,,,,,,,,,,,,,,,,,,
,,,,,,,,,,,,,,,,,,,,,,,,,,,,,,,,,
,,,,,,,,,,  -  ,,,,,,,,,,,,,,,,,,,,,,,
,,,,,,,,,,,,,,,,,,,,,,,,,,,,,,,,,
,,,,,,,,,,,,,,,,,,,,,,,,,,,,,,,,,
,,,,,,,,,,,,,,,,,,,,,,,,,,,,,,,,,
,,,,,,,,,,,,,,,,,,,,,,,,,,,,,,,,,
,,,,,,,,,,,,,,,,,,,,,,,,,,,,,,,,,
,,,,,,,,,,,,,,,,,,,,,,,,,,,,,,,,,
,,,,,,,,,,,,,,,,,,,,,,,,,,,,,,,,,
,,,,,,,,,,,,,,,,,,,,,,,,,,,,,,,,,
,,,,,,,,,,  -  ,,,,,,,,,,,,,,,,,,,,,,,
,,,,,,,,,,  -  ,,,,,,,,,,,,,,,,,,,,,,,
,,,,,,,,,,1,,,,,,,,,,,,,,,,,,,,,,,
,,,,,,,,,,1,,,,,,,,,,,,,,,,,,,,,,,
,,,,,,,,,,1,,,,,,,,,,,,,,,,,,,,,,,
,,,,,,,,,,,,,,,,,,,,,,,,,,,,,,,,,
,,,,,,,,,,,,,,,,,,,,,,,,,,,,,,,,,
,,,,,,,,,,,,,,,,,,,,,,,,,,,,,,,,,
,,,,,,,,,,,,,,,,,,,,,,,,,,,,,,,,,
,,,,,,,,,,,,,,,,,,,,,,,,,,,,,,,,,
,,,,,,,,,,,,,,,,,,,,,,,,,,,,,,,,,
,,,,,,,,,,,,,,,,,,,,,,,,,,,,,,,,,
,,,,,,,,,,,,,,,,,,,,,,,,,,,,,,,,,
,,,,,,,,,,,,,,,,,,,,,,,,,,,,,,,,,
,,,,,,,,,,1,,,,,,,,,,,,,,,,,,,,,,,
,,,,,,,,,,,,,,,,,,,,,,,,,,,,,,,,,
,,,,,,,,,,,,,,,,,,,,,,,,,,,,,,,,,
,,,,,,,,,,,,,,,,,,,,,,,,,,,,,,,,,
,,,,,,,,,,,,,,,,,,,,,,,,,,,,,,,,,
,,,,,,,,,,,,,,,,,,,,,,,,,,,,,,,,,
,,,,,,,,,,,,,,,,,,,,,,,,,,,,,,,,,
,,,,,,,,,,,,,,,,,,,,,,,,,,,,,,,,,
,,,,,,,,,,,,,,,,,,,,,,,,,,,,,,,,,
,,,,,,,,,,,,,,,,,,,,,,,,,,,,,,,,,
,,,,,,,,,,,,,,,,,,,,,,,,,,,,,,,,,
,,,,,,,,,,,,,,,,,,,,,,,,,,,,,,,,,
,,,,,,,,,,,,,,,,,,,,,,,,,,,,,,,,,
,,,,,,,,,,,,,,,,,,,,,,,,,,,,,,,,,
,,,,,,,,,,,,,,,,,,,,,,,,,,,,,,,,,
,,,,,,,,,,,,,,,,,,,,,,,,,,,,,,,,,
,,,,,,,,,,,,,,,,,,,,,,,,,,,,,,,,,
,,,,,,,,,,,,,,,,,,,,,,,,,,,,,,,,,
,,,,,,,,,,,,,,,,,,,,,,,,,,,,,,,,,
,,,,,,,,,,,,,,,,,,,,,,,,,,,,,,,,,
,,,,,,,,,,,,,,,,,,,,,,,,,,,,,,,,,
,,,,,,,,,,,,,,,,,,,,,,,,,,,,,,,,,
,,,,,,,,,,  -  ,,,,,,,,,,,,,,,,,,,,,,,
,,,,,,,,,,,,,,,,,,,,,,,,,,,,,,,,,
,,,,,,,,,,,,,,,,,,,,,,,,,,,,,,,,,
,,,,,,,,,,,,,,,,,,,,,,,,,,,,,,,,,
,,,,,,,,,,,,,,,,,,,,,,,,,,,,,,,,,
,,,,,,,,,,,,,,,,,,,,,,,,,,,,,,,,,
,,,,,,,,,,,,,,,,,,,,,,,,,,,,,,,,,
,,,,,,,,,,,,,,,,,,,,,,,,,,,,,,,,,
,,,,,,,,,,,,,,,,,,,,,,,,,,,,,,,,,
,,,,,,,,,,,,,,,,,,,,,,,,,,,,,,,,,
,,,,,,,,,,,,,,,,,,,,,,,,,,,,,,,,,
,,,,,,,,,,,,,,,,,,,,,,,,,,,,,,,,,
,,,,,,,,,,,,,,,,,,,,,,,,,,,,,,,,,
,,,,,,,,,,,,,,,,,,,,,,,,,,,,,,,,,
,,,,,,,,,,,,,,,,,,,,,,,,,,,,,,,,,
,,,,,,,,,,,,,,,,,,,,,,,,,,,,,,,,,
,,,,,,,,,,,,,,,,,,,,,,,,,,,,,,,,,
,,,,,,,,,,,,,,,,,,,,,,,,,,,,,,,,,
,,,,,,,,,,,,,,,,,,,,,,,,,,,,,,,,,
,,,,,,,,,,,,,,,,,,,,,,,,,,,,,,,,,
,,,,,,,,,,,,,,,,,,,,,,,,,,,,,,,,,
,,,,,,,,,,,,,,,,,,,,,,,,,,,,,,,,,
,,,,,,,,,,,,,,,,,,,,,,,,,,,,,,,,,
,,,,,,,,,,,,,,,,,,,,,,,,,,,,,,,,,
,,,,,,,,,,  -  ,,,,,,,,,,,,,,,,,,,,,,,
